loan_id,no_of_dependents,education,self_employed,income_annum, loan_amount,loan_term,cibil_score,residential_assets_value,commercial_assets_value,luxury_assets_value,bank_asset_value,loan_status
1,2, Graduate, No,9600000,29900000,12,778,2400000,17600000,22700000,8000000, Approved
2,0, Not Graduate, Yes,4100000,12200000,8,417,2700000,2200000,8800000,3300000, Rejected
3,3, Graduate, No,9100000,29700000,20,506,7100000,4500000,33300000,12800000, Rejected
4,3, Graduate, No,8200000,30700000,8,467,18200000,3300000,23300000,7900000, Rejected
5,5, Not Graduate, Yes,9800000,24200000,20,382,12400000,8200000,29400000,5000000, Rejected
6,0, Graduate, Yes,4800000,13500000,10,319,6800000,8300000,13700000,5100000, Rejected
7,5, Graduate, No,8700000,33000000,4,678,22500000,14800000,29200000,4300000, Approved
8,2, Graduate, Yes,5700000,15000000,20,382,13200000,5700000,11800000,6000000, Rejected
9,0, Graduate, Yes,800000,2200000,20,782,1300000,800000,2800000,600000, Approved
10,5, Not Graduate, No,1100000,4300000,10,388,3200000,1400000,3300000,1600000, Rejected
11,4, Graduate, Yes,2900000,11200000,2,547,8100000,4700000,9500000,3100000, Approved
12,2, Not Graduate, Yes,6700000,22700000,18,538,15300000,5800000,20400000,6400000, Rejected
13,3, Not Graduate, Yes,5000000,11600000,16,311,6400000,9600000,14600000,4300000, Rejected
14,2, Graduate, Yes,9100000,31500000,14,679,10800000,16600000,20900000,5000000, Approved
15,1, Not Graduate, No,1900000,7400000,6,469,1900000,1200000,5900000,1900000, Rejected
16,5, Not Graduate, No,4700000,10700000,10,794,5700000,3900000,16400000,4400000, Approved
17,2, Graduate, Yes,500000,1600000,4,663,1300000,100000,1300000,700000, Approved
18,4, Not Graduate, Yes,2900000,9400000,14,780,2900000,2800000,6700000,4300000, Approved
19,2, Graduate, No,2700000,10300000,10,736,1000000,0,6200000,3300000, Approved
20,5, Graduate, No,6300000,14600000,12,652,10300000,3500000,23500000,5900000, Approved
21,2, Graduate, No,5000000,19400000,12,315,9500000,1600000,18000000,6100000, Rejected
22,4, Graduate, No,5800000,14000000,16,530,3800000,11300000,22200000,5400000, Rejected
23,4, Graduate, Yes,6500000,25700000,18,311,13100000,1700000,19500000,8500000, Rejected
24,0, Not Graduate, Yes,500000,1400000,2,551,900000,600000,1100000,300000, Approved
25,0, Not Graduate, No,4900000,9800000,16,324,3800000,8700000,10000000,3300000, Rejected
26,5, Not Graduate, No,3100000,9500000,20,514,7900000,3100000,6600000,2600000, Rejected
27,4, Graduate, No,8200000,28100000,12,696,11500000,10600000,25300000,7200000, Approved
28,4, Not Graduate, Yes,2400000,5600000,4,662,4500000,4200000,5400000,2500000, Approved
29,5, Not Graduate, Yes,7000000,24000000,6,336,2300000,11900000,27500000,9700000, Rejected
30,3, Not Graduate, Yes,9000000,31500000,10,850,21800000,12400000,33700000,8000000, Approved
31,2, Not Graduate, No,9800000,25300000,12,313,20200000,5200000,25500000,9300000, Rejected
32,2, Graduate, No,5700000,12000000,6,363,3600000,7400000,21700000,4300000, Rejected
33,1, Not Graduate, Yes,800000,1600000,10,436,700000,200000,2200000,1000000, Rejected
34,5, Not Graduate, Yes,8400000,22000000,2,830,3800000,3900000,19900000,5400000, Approved
35,3, Graduate, No,4900000,11900000,8,612,9700000,1200000,19000000,5800000, Approved
36,2, Graduate, Yes,1700000,3400000,8,691,2700000,2800000,6000000,900000, Approved
37,3, Not Graduate, No,1600000,6200000,18,636,3400000,700000,5300000,1400000, Approved
38,5, Graduate, Yes,8000000,27200000,6,348,6400000,300000,16700000,7100000, Rejected
39,5, Graduate, No,3600000,7700000,16,830,7000000,1300000,10000000,2900000, Approved
40,3, Not Graduate, Yes,1500000,5100000,6,352,100000,200000,5600000,900000, Rejected
41,1, Graduate, No,7800000,18100000,2,712,8600000,11200000,21700000,9000000, Approved
42,2, Not Graduate, No,9100000,24900000,16,822,22300000,12100000,31000000,5200000, Approved
43,3, Graduate, No,1400000,3400000,6,540,200000,1500000,3900000,800000, Rejected
44,2, Graduate, Yes,800000,2300000,12,342,2200000,1300000,1800000,800000, Rejected
45,5, Graduate, No,6500000,13400000,18,787,18200000,300000,16200000,5400000, Approved
46,4, Graduate, No,8000000,27800000,16,331,13000000,6300000,21400000,10900000, Rejected
47,3, Not Graduate, Yes,4200000,14600000,6,679,2400000,6900000,8700000,4900000, Approved
48,1, Graduate, Yes,4900000,19100000,14,677,5400000,9100000,17700000,6500000, Approved
49,3, Not Graduate, No,5500000,20500000,12,634,800000,8600000,18500000,8200000, Approved
50,1, Not Graduate, Yes,9500000,19100000,16,662,100000,10500000,37700000,11700000, Approved
51,4, Graduate, No,7300000,25400000,16,502,500000,1800000,20500000,10500000, Rejected
52,2, Graduate, No,8700000,24700000,10,435,6800000,3500000,21800000,11300000, Rejected
53,5, Not Graduate, No,3800000,7600000,4,689,8700000,100000,9300000,3400000, Approved
54,1, Not Graduate, Yes,8400000,23000000,12,657,15400000,14800000,31900000,8200000, Approved
55,2, Graduate, Yes,5100000,19700000,20,590,7400000,9300000,19400000,3400000, Approved
56,5, Not Graduate, No,6700000,24500000,12,818,1200000,5600000,16300000,6200000, Approved
57,2, Not Graduate, No,4300000,10600000,18,431,2100000,1500000,9300000,5200000, Rejected
58,5, Graduate, Yes,9300000,30500000,18,841,19300000,10300000,34600000,8700000, Approved
59,1, Graduate, No,7400000,18400000,20,421,18500000,9100000,17500000,4100000, Rejected
60,4, Not Graduate, Yes,5500000,18200000,16,797,-100000,4900000,18600000,4800000, Approved
61,2, Not Graduate, No,8500000,18900000,18,478,23800000,16300000,25900000,11400000, Rejected
62,3, Not Graduate, Yes,9600000,30500000,18,669,4700000,1900000,26500000,9300000, Approved
63,5, Not Graduate, Yes,8800000,28900000,6,365,24400000,8600000,27400000,4700000, Rejected
64,3, Not Graduate, Yes,3300000,7500000,20,586,1600000,5600000,10500000,2900000, Approved
65,4, Graduate, Yes,3900000,12300000,18,784,7600000,6900000,13100000,2800000, Approved
66,1, Graduate, No,4100000,10300000,12,364,9500000,6100000,14900000,2800000, Rejected
67,3, Not Graduate, No,8300000,29100000,10,715,6100000,11900000,24100000,11900000, Approved
68,0, Not Graduate, Yes,2700000,10100000,20,693,200000,1700000,5900000,1400000, Rejected
69,4, Graduate, No,5600000,12400000,4,777,5500000,3100000,11800000,5500000, Approved
70,0, Graduate, No,1900000,5000000,12,312,4000000,2800000,4900000,2400000, Rejected
71,4, Not Graduate, Yes,500000,1500000,20,340,100000,200000,1900000,600000, Rejected
72,5, Graduate, Yes,5300000,18600000,4,386,2700000,9700000,11900000,4200000, Approved
73,5, Not Graduate, No,7000000,18300000,4,418,18400000,11700000,21500000,7600000, Rejected
74,3, Not Graduate, Yes,5800000,16700000,16,735,3900000,9400000,12600000,5600000, Approved
75,2, Not Graduate, No,2600000,8400000,6,494,6500000,3800000,5600000,2000000, Rejected
76,2, Not Graduate, No,1900000,6500000,18,671,600000,2500000,4800000,1100000, Approved
77,4, Graduate, No,5700000,14800000,16,697,14300000,7800000,12900000,6300000, Approved
78,0, Graduate, No,9000000,33500000,8,801,11600000,8900000,35400000,11100000, Approved
79,2, Not Graduate, No,8500000,29400000,12,576,17600000,5600000,25200000,9000000, Approved
80,0, Not Graduate, No,700000,1400000,14,639,1900000,700000,2400000,900000, Approved
81,4, Graduate, No,3500000,8900000,4,470,1300000,2200000,12300000,2000000, Rejected
82,0, Not Graduate, No,8800000,31200000,4,826,2900000,500000,33300000,8600000, Approved
83,2, Not Graduate, Yes,9900000,21200000,16,363,25500000,11400000,26600000,6800000, Rejected
84,3, Graduate, No,3600000,8600000,20,613,9400000,300000,10300000,3300000, Approved
85,3, Not Graduate, Yes,3000000,8200000,16,713,5300000,5800000,11000000,3400000, Approved
86,2, Graduate, No,6800000,21200000,16,439,17100000,4700000,23300000,3600000, Rejected
87,5, Not Graduate, Yes,1100000,3800000,18,387,1300000,1200000,3800000,1600000, Rejected
88,1, Not Graduate, Yes,8700000,28300000,8,402,20400000,13600000,27900000,10200000, Rejected
89,4, Graduate, Yes,2000000,8000000,6,837,5100000,2600000,3900000,2900000, Approved
90,2, Not Graduate, No,9800000,37600000,10,641,24100000,0,23400000,7600000, Approved
91,4, Graduate, No,5700000,21100000,18,489,500000,4300000,12500000,6000000, Rejected
92,4, Graduate, No,8800000,20700000,18,540,19200000,3200000,22400000,12700000, Rejected
93,4, Graduate, No,3800000,8900000,4,844,9100000,3500000,13100000,4700000, Approved
94,1, Graduate, No,1700000,6400000,10,452,900000,1100000,5600000,2100000, Rejected
95,2, Graduate, No,1000000,2000000,10,366,1200000,400000,3200000,1300000, Rejected
96,5, Graduate, No,300000,1100000,2,300,100000,500000,700000,400000, Approved
97,2, Graduate, Yes,6600000,15000000,18,470,1200000,4800000,18200000,7000000, Rejected
98,2, Not Graduate, No,8700000,25000000,20,861,14700000,8500000,23200000,7300000, Approved
99,4, Graduate, No,9400000,29400000,12,562,25900000,15200000,36400000,7100000, Approved
100,0, Graduate, No,4400000,10800000,14,463,2400000,4800000,13800000,4700000, Rejected
101,4, Not Graduate, No,400000,900000,12,478,700000,100000,1200000,100000, Rejected
102,2, Not Graduate, Yes,300000,1100000,2,702,300000,200000,500000,200000, Approved
103,2, Not Graduate, Yes,4300000,12900000,20,618,11400000,3600000,11400000,2400000, Approved
104,4, Graduate, No,1600000,4500000,12,633,700000,1700000,4100000,1900000, Approved
105,5, Not Graduate, Yes,6200000,23600000,10,331,18500000,10300000,23800000,8700000, Rejected
106,3, Not Graduate, Yes,4200000,9700000,16,841,7800000,300000,16700000,5100000, Approved
107,4, Not Graduate, Yes,9000000,18100000,12,764,600000,16500000,20800000,11600000, Approved
108,0, Graduate, No,2700000,10600000,6,591,1300000,2700000,9900000,1800000, Approved
109,1, Graduate, Yes,9700000,35900000,2,719,19600000,7600000,20400000,10900000, Approved
110,2, Graduate, No,3300000,6800000,14,317,3400000,300000,11700000,3600000, Rejected
111,0, Not Graduate, No,300000,1100000,8,778,800000,200000,900000,100000, Approved
112,3, Graduate, Yes,7400000,18200000,14,302,5600000,3100000,17900000,5000000, Rejected
113,5, Not Graduate, No,7100000,19700000,8,502,7300000,5600000,25300000,9800000, Rejected
114,5, Not Graduate, Yes,7300000,22100000,18,879,19500000,10600000,19300000,9800000, Approved
115,1, Not Graduate, No,8400000,23400000,14,437,15400000,5800000,33400000,8100000, Rejected
116,0, Not Graduate, Yes,3300000,10800000,12,797,600000,6000000,7700000,3300000, Approved
117,4, Not Graduate, Yes,5800000,23200000,18,456,16100000,4200000,22600000,7500000, Rejected
118,0, Not Graduate, No,600000,1600000,6,647,1500000,600000,1500000,700000, Approved
119,0, Not Graduate, No,7200000,15800000,12,379,12700000,12200000,21500000,3600000, Rejected
120,1, Not Graduate, Yes,9100000,32900000,2,717,2200000,2000000,23600000,5900000, Approved
121,5, Graduate, No,900000,2300000,16,545,100000,200000,2700000,800000, Rejected
122,2, Graduate, No,800000,3200000,8,317,300000,1000000,2000000,900000, Rejected
123,1, Not Graduate, No,8500000,32900000,10,570,5100000,6200000,20500000,5500000, Approved
124,0, Not Graduate, Yes,9000000,18700000,18,865,26800000,0,20900000,11300000, Approved
125,3, Graduate, No,7000000,19500000,14,719,12200000,10300000,18200000,10200000, Approved
126,3, Graduate, No,200000,600000,16,821,400000,100000,500000,100000, Approved
127,4, Not Graduate, Yes,400000,800000,10,859,900000,500000,800000,200000, Approved
128,3, Not Graduate, No,5100000,18200000,10,395,100000,8000000,15500000,6300000, Rejected
129,2, Not Graduate, Yes,700000,2600000,12,429,1600000,1300000,2700000,800000, Rejected
130,3, Graduate, No,400000,1200000,12,861,200000,600000,1100000,200000, Approved
131,0, Not Graduate, Yes,9500000,20800000,14,565,15100000,11900000,33900000,13400000, Approved
132,5, Graduate, No,8800000,22600000,10,357,7900000,8600000,18200000,4900000, Rejected
133,3, Not Graduate, Yes,1800000,3600000,18,465,600000,500000,5400000,2600000, Rejected
134,4, Not Graduate, Yes,6800000,13900000,8,479,11700000,9100000,25700000,9600000, Rejected
135,3, Not Graduate, No,1500000,5500000,16,717,2100000,800000,4400000,1300000, Approved
136,3, Graduate, No,1600000,5500000,12,425,600000,800000,5400000,900000, Rejected
137,2, Not Graduate, No,4600000,16700000,2,786,200000,5900000,13900000,6100000, Approved
138,5, Not Graduate, Yes,2200000,6700000,6,382,4400000,1300000,8600000,1100000, Rejected
139,3, Not Graduate, Yes,2900000,8500000,12,564,1000000,3100000,7500000,1800000, Approved
140,0, Graduate, No,200000,700000,8,501,500000,200000,700000,100000, Rejected
141,2, Not Graduate, Yes,2500000,9400000,10,727,6600000,4100000,9500000,3300000, Approved
142,4, Not Graduate, No,3600000,7500000,6,894,1100000,6500000,7400000,2800000, Approved
143,0, Graduate, Yes,5500000,16700000,18,829,5500000,1300000,12800000,5900000, Approved
144,4, Not Graduate, No,6600000,17400000,20,506,2600000,10000000,25900000,7200000, Rejected
145,2, Graduate, Yes,8600000,32100000,6,802,9400000,16700000,24500000,9800000, Approved
146,5, Not Graduate, No,600000,1500000,14,543,300000,900000,2100000,300000, Rejected
147,3, Graduate, Yes,1400000,3200000,20,772,2400000,900000,5100000,1600000, Approved
148,3, Graduate, No,4000000,11100000,12,572,9700000,100000,12500000,2400000, Approved
149,0, Not Graduate, Yes,4900000,11900000,16,709,14600000,900000,18500000,3800000, Approved
150,5, Graduate, No,2000000,6200000,18,402,4000000,2100000,7200000,1100000, Rejected
151,1, Not Graduate, Yes,5200000,19300000,8,481,14300000,9500000,18800000,4200000, Rejected
152,5, Graduate, Yes,8900000,28800000,6,772,13600000,5500000,20400000,8400000, Approved
153,1, Graduate, Yes,6500000,20600000,2,306,15900000,1900000,18100000,3200000, Approved
154,2, Not Graduate, No,1300000,4500000,6,415,0,900000,2900000,1200000, Rejected
155,3, Not Graduate, No,9400000,35000000,16,548,18200000,4400000,36100000,4800000, Rejected
156,5, Not Graduate, No,5000000,11200000,8,701,9100000,500000,14000000,4600000, Approved
157,2, Graduate, No,3000000,7700000,12,890,4700000,4300000,8400000,2100000, Approved
158,5, Not Graduate, Yes,9900000,33300000,6,364,5300000,18700000,27800000,8300000, Rejected
159,5, Graduate, Yes,700000,1300000,20,704,1600000,0,2200000,600000, Approved
160,3, Graduate, Yes,4000000,10600000,10,318,1500000,5100000,8000000,4900000, Rejected
161,5, Not Graduate, No,3100000,9600000,2,761,5800000,1800000,10400000,4200000, Approved
162,4, Not Graduate, No,4500000,15100000,6,693,3700000,1500000,17800000,6000000, Approved
163,3, Not Graduate, No,9700000,20600000,16,524,24200000,11100000,27400000,6100000, Rejected
164,2, Not Graduate, Yes,2000000,5300000,10,681,4900000,1400000,4300000,2900000, Approved
165,2, Graduate, Yes,8100000,22300000,18,737,22300000,12600000,27000000,7300000, Approved
166,0, Not Graduate, No,5700000,15900000,16,638,100000,9500000,16300000,4500000, Approved
167,4, Not Graduate, No,5800000,12800000,2,656,500000,5000000,16000000,2800000, Approved
168,1, Graduate, No,1800000,6500000,6,540,2500000,3200000,5000000,1100000, Rejected
169,4, Not Graduate, Yes,9100000,35200000,6,341,1000000,300000,23100000,8200000, Rejected
170,0, Not Graduate, Yes,4800000,17500000,2,371,11700000,6800000,18700000,3500000, Approved
171,3, Not Graduate, Yes,3800000,10500000,12,886,4000000,500000,14900000,2300000, Approved
172,0, Not Graduate, No,1900000,4100000,18,801,400000,800000,4800000,1200000, Approved
173,3, Not Graduate, Yes,3600000,9500000,16,748,7700000,2400000,9700000,2600000, Approved
174,2, Not Graduate, Yes,7400000,28200000,8,376,21900000,5000000,17400000,5200000, Rejected
175,4, Not Graduate, Yes,6600000,14300000,8,371,10800000,9500000,18500000,7400000, Rejected
176,2, Graduate, No,1800000,5300000,6,826,4500000,700000,6500000,1300000, Approved
177,4, Not Graduate, No,9200000,27200000,12,873,4500000,1800000,33800000,11400000, Approved
178,5, Not Graduate, Yes,2400000,8600000,8,309,500000,600000,5700000,2800000, Rejected
179,4, Not Graduate, No,5600000,13300000,20,869,3300000,7500000,20000000,6500000, Approved
180,5, Graduate, No,3800000,13900000,12,534,4700000,2900000,8200000,2800000, Rejected
181,3, Not Graduate, Yes,4500000,17900000,6,787,9800000,3600000,14300000,4200000, Approved
182,0, Graduate, Yes,900000,2200000,16,566,100000,700000,2000000,600000, Approved
183,0, Not Graduate, No,2800000,9900000,8,742,4900000,1300000,6700000,1700000, Approved
184,2, Not Graduate, No,7500000,23100000,4,824,12100000,10900000,26300000,9500000, Approved
185,4, Graduate, No,1400000,3100000,14,575,3000000,2100000,4900000,1400000, Approved
186,2, Graduate, Yes,3800000,10900000,10,766,1900000,3900000,8600000,3000000, Approved
187,1, Not Graduate, Yes,1700000,5000000,10,888,2900000,900000,4100000,2200000, Approved
188,3, Graduate, Yes,9000000,30400000,6,638,16800000,11000000,26900000,9200000, Approved
189,5, Not Graduate, Yes,7300000,23300000,6,622,7100000,11600000,26400000,10500000, Approved
190,1, Not Graduate, No,7400000,19800000,18,458,12600000,6200000,27700000,4000000, Rejected
191,1, Not Graduate, No,9000000,28200000,16,327,1700000,2300000,24000000,11200000, Rejected
192,0, Not Graduate, No,3000000,6500000,2,612,8800000,3400000,6700000,1700000, Approved
193,1, Graduate, No,800000,2900000,8,682,2200000,1100000,2900000,700000, Approved
194,2, Graduate, No,4800000,13200000,2,583,13700000,5800000,9500000,5200000, Approved
195,5, Not Graduate, No,6400000,18300000,8,697,10000000,3600000,22500000,3600000, Approved
196,3, Graduate, No,9200000,27100000,12,306,5800000,11500000,28000000,9600000, Rejected
197,4, Not Graduate, Yes,400000,1500000,2,669,-100000,600000,900000,500000, Approved
198,2, Not Graduate, No,2800000,6000000,18,816,6300000,4200000,8000000,3400000, Approved
199,4, Not Graduate, Yes,8500000,28900000,20,455,15200000,5800000,22500000,9400000, Rejected
200,3, Graduate, Yes,4700000,16400000,10,318,11400000,8100000,16200000,4300000, Rejected
201,4, Not Graduate, Yes,9800000,21200000,20,355,22000000,8900000,31800000,14400000, Rejected
202,2, Not Graduate, Yes,3800000,8900000,16,389,200000,5600000,12200000,2200000, Rejected
203,2, Graduate, No,500000,1500000,2,888,1500000,300000,1500000,600000, Approved
204,2, Graduate, Yes,6900000,15600000,6,352,13000000,5300000,22600000,10000000, Rejected
205,4, Not Graduate, Yes,9600000,30100000,12,870,300000,6700000,38200000,5600000, Approved
206,3, Not Graduate, No,2900000,6500000,18,827,8300000,600000,10400000,3200000, Approved
207,2, Graduate, No,9800000,20900000,12,768,3400000,10200000,38600000,13400000, Approved
208,0, Graduate, No,7100000,15400000,18,707,10300000,10800000,19600000,5800000, Approved
209,1, Not Graduate, Yes,7700000,19100000,10,355,11300000,4900000,21900000,6600000, Rejected
210,3, Graduate, No,1400000,3300000,2,652,100000,2100000,3500000,1900000, Approved
211,3, Graduate, No,7800000,15900000,2,665,14400000,900000,27200000,5400000, Approved
212,5, Not Graduate, Yes,1700000,6000000,18,420,500000,1600000,3700000,2300000, Rejected
213,2, Not Graduate, No,8500000,32700000,18,471,12600000,9400000,33900000,12500000, Rejected
214,5, Not Graduate, No,1900000,7500000,20,715,5100000,2800000,6500000,2800000, Approved
215,2, Not Graduate, Yes,6700000,15200000,10,689,0,8200000,15000000,6800000, Approved
216,3, Graduate, Yes,6900000,16400000,4,787,11100000,6100000,26400000,3800000, Approved
217,2, Graduate, No,2600000,7800000,4,819,3100000,4300000,5700000,1500000, Approved
218,4, Graduate, Yes,9600000,21100000,6,809,16100000,9500000,34700000,8700000, Approved
219,1, Not Graduate, Yes,6800000,17000000,2,744,15500000,3900000,23700000,3500000, Approved
220,0, Not Graduate, No,3200000,11300000,6,484,3500000,5500000,8500000,2100000, Rejected
221,4, Not Graduate, No,2900000,10400000,6,673,5100000,1700000,10600000,1700000, Approved
222,3, Graduate, Yes,7900000,21200000,18,695,13800000,10600000,21800000,4900000, Approved
223,4, Not Graduate, Yes,3900000,12400000,12,473,6400000,4700000,13100000,3800000, Rejected
224,4, Graduate, Yes,4600000,11000000,2,491,9000000,4000000,16100000,3500000, Rejected
225,3, Not Graduate, Yes,700000,1700000,8,733,1200000,800000,2400000,500000, Approved
226,0, Not Graduate, No,5200000,15600000,20,434,14100000,5800000,18100000,5500000, Rejected
227,3, Not Graduate, Yes,5900000,20600000,10,777,1900000,4600000,21200000,6400000, Approved
228,4, Graduate, No,7200000,19100000,4,774,9400000,7000000,17900000,3600000, Approved
229,1, Not Graduate, Yes,8700000,27000000,10,717,25500000,8600000,17500000,9100000, Approved
230,3, Not Graduate, Yes,1100000,3500000,12,503,3000000,400000,2200000,1200000, Rejected
231,1, Graduate, Yes,4000000,10900000,14,598,3600000,6600000,13600000,4400000, Approved
232,2, Graduate, No,9800000,32400000,2,543,24200000,17500000,25700000,7700000, Approved
233,0, Not Graduate, Yes,2700000,6800000,20,796,700000,4200000,7000000,1900000, Approved
234,3, Not Graduate, Yes,8800000,34600000,8,386,14800000,16500000,18400000,6000000, Rejected
235,5, Not Graduate, Yes,3300000,7800000,16,632,8500000,500000,7100000,4900000, Approved
236,1, Graduate, Yes,6900000,23400000,4,481,18700000,1100000,23400000,10200000, Approved
237,3, Graduate, Yes,900000,3500000,4,770,700000,0,2000000,600000, Rejected
238,3, Graduate, Yes,4100000,15500000,6,667,2800000,1600000,14700000,4000000, Approved
239,3, Not Graduate, Yes,4700000,17500000,8,585,1200000,3100000,9600000,4900000, Approved
240,5, Graduate, Yes,3400000,11600000,16,479,9200000,5700000,11200000,2400000, Rejected
241,2, Graduate, No,9600000,22500000,18,851,7400000,16200000,24300000,12700000, Approved
242,3, Not Graduate, Yes,7000000,16200000,6,378,20000000,12600000,20300000,5500000, Rejected
243,5, Graduate, No,5700000,12900000,18,807,4100000,900000,18600000,5500000, Approved
244,1, Not Graduate, Yes,8200000,32400000,18,831,22800000,12300000,17700000,7800000, Approved
245,2, Not Graduate, No,2100000,5100000,12,674,2200000,3200000,6400000,2400000, Approved
246,1, Not Graduate, Yes,8000000,28100000,18,725,1900000,12800000,23000000,7500000, Approved
247,2, Not Graduate, No,8000000,29300000,4,600,16500000,13200000,29400000,6500000, Approved
248,0, Not Graduate, Yes,9400000,27000000,10,536,4400000,1700000,33800000,4800000, Rejected
249,0, Graduate, No,8400000,20600000,10,477,1500000,1500000,25000000,11900000, Rejected
250,1, Not Graduate, Yes,1900000,5000000,6,560,1000000,1900000,6300000,1400000, Approved
251,0, Not Graduate, Yes,4200000,16400000,20,539,9500000,2100000,11400000,3100000, Rejected
252,5, Graduate, No,2600000,9100000,8,852,3700000,700000,10300000,3300000, Approved
253,3, Not Graduate, No,3700000,8500000,20,853,8300000,5700000,7500000,4900000, Approved
254,0, Graduate, No,8800000,30900000,12,729,1700000,700000,25700000,11400000, Approved
255,2, Not Graduate, No,2100000,4700000,2,546,6000000,3200000,5700000,1500000, Rejected
256,3, Graduate, Yes,900000,2400000,10,489,800000,0,2800000,500000, Rejected
257,3, Graduate, Yes,9800000,35400000,6,869,14400000,16400000,22800000,10300000, Approved
258,2, Not Graduate, No,8000000,20000000,2,502,4100000,2200000,31600000,9900000, Rejected
259,0, Graduate, No,9800000,38800000,8,652,23200000,19000000,29700000,5400000, Approved
260,0, Not Graduate, Yes,300000,1100000,8,789,400000,100000,800000,400000, Approved
261,4, Not Graduate, No,2700000,8100000,4,325,5000000,800000,9900000,3400000, Approved
262,3, Graduate, Yes,7400000,19600000,2,716,4100000,8900000,29100000,4200000, Approved
263,3, Graduate, No,9200000,34300000,18,523,25600000,4000000,29100000,8800000, Rejected
264,5, Not Graduate, No,9500000,22200000,20,352,24500000,0,30800000,7000000, Rejected
265,5, Graduate, Yes,3800000,14400000,2,345,3300000,800000,13000000,4700000, Approved
266,0, Graduate, No,8300000,19400000,18,649,2500000,16100000,24300000,11300000, Approved
267,2, Graduate, Yes,2800000,7400000,18,666,100000,2300000,6300000,3400000, Approved
268,0, Graduate, No,8600000,20900000,10,813,11300000,11900000,26000000,4800000, Approved
269,0, Not Graduate, No,5400000,16800000,10,599,5300000,7400000,14500000,7600000, Approved
270,5, Graduate, Yes,4200000,9400000,6,678,4700000,5500000,9900000,5700000, Approved
271,5, Not Graduate, No,5200000,12200000,20,513,13400000,2000000,16800000,5400000, Rejected
272,5, Graduate, No,9400000,27900000,4,870,1100000,200000,29500000,10400000, Approved
273,3, Graduate, No,8800000,20400000,8,483,3200000,11400000,28200000,11800000, Rejected
274,1, Graduate, Yes,5900000,16700000,16,308,5800000,8800000,19100000,5300000, Rejected
275,3, Graduate, Yes,1700000,4900000,16,591,4700000,1000000,4300000,1400000, Approved
276,1, Not Graduate, No,7000000,23000000,10,886,14000000,3700000,26700000,3600000, Approved
277,4, Not Graduate, No,1700000,4000000,6,829,0,1600000,5200000,1700000, Approved
278,0, Not Graduate, No,1500000,4900000,12,651,1600000,2800000,4600000,800000, Approved
279,4, Not Graduate, No,2000000,4700000,18,733,3700000,3700000,7000000,2800000, Approved
280,5, Graduate, Yes,3900000,15500000,12,433,9500000,5400000,7900000,4600000, Rejected
281,1, Graduate, Yes,900000,3600000,14,713,1300000,1000000,1800000,1200000, Approved
282,1, Graduate, No,6900000,22500000,18,403,800000,8400000,16900000,6300000, Rejected
283,0, Graduate, Yes,2800000,7800000,10,405,7800000,2500000,7100000,3400000, Rejected
284,3, Graduate, Yes,6800000,19900000,10,516,16000000,6000000,26000000,8500000, Rejected
285,4, Not Graduate, Yes,600000,1800000,8,417,1700000,700000,1800000,800000, Rejected
286,1, Not Graduate, No,4700000,14000000,6,468,11300000,1800000,10600000,4600000, Rejected
287,5, Graduate, Yes,3000000,11800000,10,672,8700000,3600000,9800000,4100000, Approved
288,5, Not Graduate, No,4000000,13900000,6,530,6000000,5600000,12500000,6000000, Rejected
289,1, Not Graduate, Yes,3100000,11300000,14,824,3700000,6000000,11000000,4400000, Approved
290,1, Not Graduate, Yes,7700000,25500000,12,549,18100000,10600000,20500000,7000000, Rejected
291,5, Not Graduate, Yes,4300000,9300000,10,450,2100000,6700000,10000000,4100000, Rejected
292,1, Graduate, Yes,5800000,19500000,20,431,13800000,5000000,15600000,3300000, Rejected
293,3, Graduate, Yes,3600000,10700000,16,312,2300000,1600000,13100000,5200000, Rejected
294,0, Not Graduate, Yes,2900000,7600000,8,320,8000000,5600000,9600000,3100000, Rejected
295,0, Graduate, No,8800000,20200000,4,433,16000000,4200000,30500000,12400000, Rejected
296,1, Not Graduate, Yes,300000,1000000,10,431,400000,500000,900000,100000, Rejected
297,5, Not Graduate, Yes,8600000,28900000,8,516,9900000,1800000,30200000,6800000, Rejected
298,2, Not Graduate, Yes,3500000,12000000,14,476,1100000,6800000,12400000,2900000, Rejected
299,5, Graduate, No,800000,2600000,6,560,100000,200000,3000000,1000000, Approved
300,2, Graduate, No,8000000,27100000,12,674,14400000,400000,25300000,6400000, Approved
301,0, Not Graduate, Yes,9900000,38200000,6,573,17200000,10000000,20100000,5900000, Approved
302,2, Not Graduate, No,3300000,6600000,6,331,6300000,2000000,8900000,2700000, Rejected
303,4, Graduate, Yes,2000000,6700000,12,633,100000,800000,4800000,2000000, Approved
304,3, Not Graduate, No,4900000,12900000,18,877,1800000,7000000,17900000,3300000, Approved
305,5, Not Graduate, Yes,9200000,23600000,12,656,1400000,11200000,36400000,4900000, Approved
306,0, Not Graduate, No,7500000,18200000,6,782,7400000,12000000,19800000,4100000, Approved
307,5, Not Graduate, No,9000000,29300000,4,531,10400000,9500000,35500000,5800000, Approved
308,3, Not Graduate, No,1400000,4100000,8,455,3000000,1400000,2900000,2100000, Rejected
309,3, Graduate, No,9600000,19900000,14,452,4200000,16200000,28500000,6600000, Rejected
310,2, Graduate, No,8400000,33200000,14,474,19600000,15000000,25400000,11500000, Rejected
311,3, Not Graduate, No,6400000,24400000,4,483,7800000,2400000,19100000,4500000, Approved
312,4, Graduate, No,5900000,16800000,8,481,6900000,11400000,19500000,3300000, Rejected
313,2, Graduate, Yes,2200000,5100000,20,859,3800000,1200000,6400000,3100000, Approved
314,4, Graduate, Yes,5600000,14100000,14,696,9000000,9200000,16500000,6800000, Approved
315,4, Not Graduate, No,9800000,28700000,6,778,16600000,7400000,29700000,11100000, Approved
316,4, Graduate, No,4400000,14600000,4,499,1300000,6500000,16100000,5700000, Approved
317,2, Not Graduate, Yes,2400000,4900000,4,888,6400000,4300000,5100000,3400000, Approved
318,1, Graduate, No,4400000,10800000,12,674,9600000,2700000,17200000,5300000, Approved
319,4, Graduate, No,3700000,13200000,4,802,9800000,2400000,12500000,4300000, Approved
320,4, Not Graduate, Yes,2300000,7800000,8,540,1500000,3400000,4700000,2800000, Rejected
321,4, Graduate, Yes,5900000,19600000,8,726,17400000,6800000,20100000,8000000, Approved
322,4, Not Graduate, Yes,6400000,23500000,2,485,7300000,2700000,23600000,3900000, Approved
323,4, Graduate, Yes,4900000,17100000,6,612,1300000,7000000,19500000,5000000, Approved
324,3, Not Graduate, Yes,9500000,24200000,8,879,3100000,17200000,26400000,12700000, Approved
325,2, Not Graduate, No,5700000,16400000,12,708,3700000,800000,15000000,4400000, Approved
326,2, Not Graduate, Yes,2700000,5700000,8,850,3500000,5000000,10500000,3900000, Approved
327,2, Not Graduate, Yes,3900000,11300000,12,516,3100000,0,10400000,4600000, Rejected
328,0, Not Graduate, No,7800000,28800000,12,465,4700000,7500000,28800000,7400000, Rejected
329,0, Graduate, No,1100000,3200000,20,716,1800000,1400000,3600000,1500000, Approved
330,4, Not Graduate, No,200000,600000,10,404,0,100000,400000,0, Rejected
331,0, Not Graduate, Yes,4700000,10600000,20,512,8400000,4000000,12300000,7000000, Rejected
332,3, Not Graduate, Yes,8200000,20600000,10,441,16100000,11400000,29100000,6100000, Rejected
333,2, Not Graduate, Yes,4600000,18400000,2,555,7700000,2400000,14200000,4200000, Approved
334,5, Not Graduate, No,1800000,7000000,18,466,2600000,2100000,6000000,1900000, Rejected
335,3, Graduate, Yes,3200000,8600000,2,427,3900000,1800000,7100000,4700000, Rejected
336,4, Not Graduate, Yes,5500000,20000000,14,593,15100000,2700000,19900000,4900000, Approved
337,3, Graduate, No,7900000,18300000,10,731,4200000,3400000,22200000,8400000, Approved
338,1, Graduate, Yes,4000000,10100000,16,451,7000000,3900000,14300000,3900000, Rejected
339,3, Not Graduate, Yes,6800000,16900000,18,628,3600000,900000,15600000,4900000, Approved
340,1, Not Graduate, No,2700000,9400000,18,704,5300000,2300000,6400000,2400000, Approved
341,2, Not Graduate, No,6800000,23500000,12,341,19300000,11800000,14300000,8500000, Rejected
342,5, Graduate, No,8600000,21000000,8,465,11700000,14900000,19500000,9900000, Rejected
343,4, Graduate, No,8000000,30100000,4,431,11900000,13800000,18800000,11500000, Approved
344,1, Graduate, Yes,3700000,12600000,10,424,5400000,1100000,14200000,4400000, Rejected
345,0, Graduate, No,2600000,5100000,14,678,500000,1200000,6000000,3100000, Approved
346,4, Graduate, No,4200000,16800000,6,381,9600000,3800000,14800000,5900000, Rejected
347,5, Graduate, Yes,8000000,28000000,10,449,18500000,1500000,17400000,3900000, Rejected
348,1, Not Graduate, No,7100000,23500000,12,768,6400000,12100000,22400000,7300000, Approved
349,0, Not Graduate, No,2000000,7000000,6,666,0,1200000,4300000,1400000, Rejected
350,4, Not Graduate, Yes,5800000,13300000,14,742,16100000,9300000,16300000,7000000, Approved
351,3, Not Graduate, Yes,6700000,15800000,4,445,10500000,7600000,14100000,9100000, Rejected
352,2, Graduate, No,7300000,28700000,14,634,5900000,3800000,21200000,10800000, Approved
353,4, Not Graduate, No,3300000,9700000,14,782,2500000,0,10400000,2200000, Approved
354,0, Graduate, No,3000000,7000000,10,781,7200000,600000,11700000,2700000, Approved
355,4, Not Graduate, No,7900000,17200000,14,318,14200000,9500000,23200000,9000000, Rejected
356,5, Not Graduate, No,7600000,24100000,18,721,21900000,11500000,22900000,7200000, Approved
357,5, Not Graduate, No,3700000,9800000,4,563,9500000,5100000,11200000,3000000, Approved
358,2, Not Graduate, No,8400000,26300000,4,419,22900000,7900000,29200000,6200000, Approved
359,0, Graduate, Yes,8200000,20800000,14,372,3800000,100000,26100000,5200000, Rejected
360,0, Not Graduate, No,2900000,9500000,18,885,4300000,2300000,6500000,3500000, Approved
361,1, Not Graduate, Yes,9900000,38400000,12,596,10000000,9300000,36500000,6800000, Approved
362,0, Graduate, No,4400000,14100000,2,349,3300000,1300000,8800000,6200000, Approved
363,1, Not Graduate, Yes,9000000,32200000,16,468,4500000,16400000,28600000,10900000, Rejected
364,3, Not Graduate, Yes,6800000,26900000,16,818,14700000,10400000,26300000,7300000, Approved
365,2, Not Graduate, No,8700000,28000000,12,543,16900000,6000000,22900000,6700000, Rejected
366,3, Graduate, No,9400000,21900000,16,685,8100000,5600000,34500000,5000000, Approved
367,3, Not Graduate, Yes,6000000,12500000,18,851,14600000,5000000,16800000,5000000, Approved
368,1, Not Graduate, Yes,9400000,29800000,10,377,24100000,18500000,30900000,11700000, Rejected
369,0, Not Graduate, Yes,1000000,4000000,10,620,2400000,1300000,3700000,1100000, Approved
370,3, Graduate, Yes,900000,2300000,20,611,600000,1500000,1900000,500000, Approved
371,4, Not Graduate, No,2100000,7700000,4,767,1200000,1700000,6900000,1300000, Approved
372,5, Graduate, Yes,1100000,3200000,20,592,3200000,700000,3500000,500000, Approved
373,0, Graduate, Yes,600000,2300000,4,319,1600000,800000,2300000,700000, Approved
374,4, Not Graduate, Yes,9200000,25500000,10,900,9400000,10500000,27400000,12800000, Approved
375,2, Not Graduate, Yes,3600000,12800000,18,814,8600000,4100000,10300000,4100000, Approved
376,5, Not Graduate, Yes,1300000,5000000,10,755,2100000,2200000,4800000,1900000, Approved
377,5, Graduate, Yes,7700000,16800000,20,584,8600000,4800000,23400000,8000000, Approved
378,4, Graduate, Yes,9500000,23500000,14,380,22900000,6700000,25100000,7300000, Rejected
379,2, Not Graduate, Yes,5000000,17600000,20,465,6200000,5200000,16500000,5200000, Rejected
380,0, Not Graduate, No,500000,1800000,2,531,1300000,500000,1900000,700000, Approved
381,1, Graduate, Yes,8300000,32100000,16,814,18500000,2700000,28900000,7500000, Approved
382,0, Graduate, No,5300000,17900000,6,678,4700000,3900000,14400000,3600000, Approved
383,2, Not Graduate, Yes,9300000,29000000,12,655,7900000,6800000,29900000,4900000, Approved
384,3, Not Graduate, No,2300000,7400000,2,682,6500000,2400000,7600000,2100000, Approved
385,1, Not Graduate, No,400000,1300000,6,695,200000,500000,800000,100000, Approved
386,3, Not Graduate, No,3200000,10800000,4,833,2600000,1000000,8700000,2600000, Approved
387,5, Not Graduate, Yes,9400000,35300000,16,302,4100000,12500000,37000000,12900000, Rejected
388,1, Graduate, No,2300000,6600000,2,357,5900000,200000,6000000,2200000, Rejected
389,5, Not Graduate, No,4300000,14500000,12,302,12500000,4300000,12500000,5100000, Rejected
390,0, Graduate, Yes,6200000,22400000,18,873,15700000,6600000,15800000,8200000, Approved
391,0, Not Graduate, Yes,7200000,19800000,12,658,12700000,8100000,25000000,7300000, Approved
392,5, Graduate, Yes,2400000,8700000,18,877,2800000,2900000,7100000,1100000, Approved
393,3, Not Graduate, No,2900000,6300000,8,648,3400000,3400000,7600000,1400000, Approved
394,1, Graduate, No,1400000,5200000,12,730,2900000,0,3700000,700000, Approved
395,4, Not Graduate, Yes,2200000,8200000,14,737,5800000,2800000,8200000,1400000, Approved
396,2, Graduate, Yes,800000,3200000,10,584,0,200000,2100000,700000, Rejected
397,0, Graduate, No,600000,1700000,2,621,400000,400000,2000000,200000, Approved
398,4, Graduate, Yes,700000,2700000,16,583,1100000,1200000,1400000,300000, Approved
399,2, Not Graduate, No,8400000,25900000,16,621,8600000,13400000,33500000,4200000, Approved
400,2, Not Graduate, No,7100000,21500000,16,610,5800000,12100000,14200000,9300000, Approved
401,4, Graduate, No,5400000,15700000,18,452,13700000,2600000,16500000,6600000, Rejected
402,5, Graduate, No,3700000,7300000,18,339,9300000,100000,13900000,5300000, Rejected
403,3, Graduate, Yes,5200000,15200000,16,650,1300000,5700000,13500000,4100000, Approved
404,4, Not Graduate, Yes,200000,700000,10,672,200000,200000,300000,300000, Approved
405,3, Graduate, No,500000,1000000,20,501,800000,800000,900000,200000, Rejected
406,2, Not Graduate, Yes,1800000,5700000,4,809,1200000,1900000,6300000,2400000, Approved
407,5, Graduate, Yes,9200000,29400000,8,318,18000000,5900000,33800000,5400000, Rejected
408,4, Not Graduate, No,900000,3300000,10,649,0,400000,1800000,1200000, Approved
409,3, Not Graduate, No,7500000,28300000,12,367,9200000,11300000,22700000,7000000, Rejected
410,5, Not Graduate, No,3000000,11800000,6,847,8200000,2200000,7100000,2300000, Approved
411,5, Graduate, No,7100000,18900000,12,360,10700000,1100000,19800000,8500000, Rejected
412,1, Graduate, Yes,3500000,7200000,2,865,4100000,3200000,11900000,4200000, Approved
413,4, Not Graduate, No,4900000,18800000,16,880,4200000,4700000,13200000,2600000, Approved
414,1, Graduate, No,4100000,8400000,20,608,1400000,8000000,10000000,4400000, Approved
415,0, Graduate, Yes,800000,2100000,6,760,300000,100000,1600000,600000, Approved
416,3, Graduate, Yes,1700000,4600000,12,385,1500000,1300000,5200000,1700000, Rejected
417,0, Graduate, Yes,6100000,23300000,12,478,3800000,2300000,17700000,4900000, Rejected
418,1, Graduate, Yes,2100000,7700000,16,327,5000000,500000,4700000,2300000, Rejected
419,0, Graduate, No,3100000,9300000,6,663,1300000,1400000,8100000,3800000, Approved
420,2, Not Graduate, Yes,1700000,3500000,20,693,2200000,1400000,4800000,1700000, Approved
421,3, Graduate, No,1700000,5400000,6,710,4800000,700000,5800000,1700000, Approved
422,4, Not Graduate, Yes,4000000,14500000,6,711,2400000,5700000,10900000,4100000, Approved
423,5, Graduate, No,5600000,18400000,8,386,11300000,6700000,11300000,5600000, Rejected
424,4, Graduate, Yes,3900000,11900000,10,855,10200000,4000000,10200000,2800000, Approved
425,4, Graduate, Yes,6100000,15300000,14,573,1100000,9900000,13300000,8400000, Approved
426,0, Graduate, Yes,1100000,2800000,18,431,500000,300000,4300000,1400000, Rejected
427,2, Graduate, No,5500000,14800000,8,364,13000000,4500000,12600000,4500000, Rejected
428,4, Graduate, Yes,1100000,3600000,14,711,2500000,500000,3600000,600000, Approved
429,4, Not Graduate, Yes,400000,900000,20,771,1000000,500000,1600000,500000, Approved
430,3, Graduate, No,9200000,36400000,18,669,3100000,12700000,30900000,12300000, Approved
431,4, Not Graduate, Yes,9300000,27500000,18,338,21500000,500000,34900000,6600000, Rejected
432,1, Graduate, No,1100000,3500000,8,562,2300000,1200000,3200000,500000, Approved
433,3, Not Graduate, No,5600000,18700000,2,769,8000000,8200000,17300000,4800000, Approved
434,0, Graduate, Yes,6300000,21500000,8,629,600000,3400000,22000000,5200000, Approved
435,3, Graduate, No,8800000,18100000,6,699,6400000,2100000,18500000,9400000, Approved
436,0, Not Graduate, No,8400000,20800000,20,590,5100000,8900000,32100000,10800000, Approved
437,3, Graduate, Yes,1600000,5700000,4,707,3300000,2700000,6200000,2300000, Approved
438,3, Not Graduate, Yes,4500000,11400000,8,391,8500000,6800000,9900000,4500000, Rejected
439,5, Not Graduate, No,6500000,18500000,4,891,13600000,3300000,23600000,7100000, Approved
440,3, Graduate, Yes,9500000,20600000,2,731,13400000,3800000,20700000,9200000, Approved
441,3, Not Graduate, No,4700000,16700000,12,775,4000000,1700000,17300000,3500000, Approved
442,5, Graduate, Yes,9600000,32400000,2,897,3500000,15400000,26800000,6200000, Approved
443,5, Graduate, No,8000000,26700000,20,794,8000000,14700000,29900000,7800000, Approved
444,2, Graduate, No,7700000,16700000,6,555,12900000,2900000,18100000,8500000, Approved
445,1, Not Graduate, Yes,3600000,10300000,12,536,6800000,500000,12200000,2700000, Rejected
446,2, Not Graduate, No,700000,1700000,10,839,100000,700000,2000000,900000, Approved
447,0, Graduate, Yes,1400000,5100000,6,890,4100000,1900000,5200000,1900000, Approved
448,1, Graduate, Yes,8600000,27900000,20,415,12200000,14800000,27100000,7900000, Rejected
449,4, Graduate, No,4700000,15700000,4,868,3300000,2500000,13800000,4800000, Approved
450,3, Graduate, Yes,2900000,5800000,12,353,8400000,2600000,10100000,3100000, Rejected
451,4, Not Graduate, No,9000000,29000000,16,590,4600000,15600000,29200000,12300000, Approved
452,5, Graduate, Yes,500000,900000,18,618,1400000,600000,1200000,400000, Approved
453,2, Not Graduate, Yes,700000,1700000,10,539,1400000,1000000,1900000,900000, Rejected
454,0, Graduate, No,6800000,27000000,4,429,17100000,7600000,21400000,9400000, Approved
455,2, Graduate, No,1800000,4700000,8,792,4500000,1200000,4100000,2200000, Approved
456,0, Not Graduate, No,6000000,12400000,2,608,3000000,2100000,17900000,6800000, Approved
457,4, Graduate, Yes,5400000,21500000,14,555,4300000,1500000,14300000,7500000, Approved
458,5, Graduate, Yes,8400000,17500000,12,620,15300000,13600000,26000000,5800000, Approved
459,0, Graduate, No,7400000,20900000,6,635,15600000,14000000,21000000,7200000, Approved
460,2, Graduate, No,3200000,12500000,10,457,6100000,2000000,8200000,4300000, Rejected
461,1, Graduate, Yes,5400000,21400000,8,350,2600000,1000000,19700000,6800000, Rejected
462,5, Graduate, Yes,1000000,2500000,14,885,2200000,100000,2300000,1100000, Approved
463,0, Graduate, No,4400000,14700000,16,638,4000000,2700000,14400000,2700000, Approved
464,1, Graduate, Yes,3800000,10500000,12,710,1800000,6200000,12500000,2500000, Approved
465,3, Not Graduate, Yes,6100000,20900000,18,470,500000,8500000,18000000,7500000, Rejected
466,5, Not Graduate, Yes,5500000,17300000,16,874,1000000,2900000,13700000,7900000, Approved
467,5, Not Graduate, Yes,500000,1800000,18,411,1000000,500000,1300000,200000, Rejected
468,0, Not Graduate, Yes,300000,1100000,2,482,200000,100000,1100000,400000, Approved
469,1, Graduate, Yes,6200000,16900000,2,396,10600000,7500000,23700000,7600000, Rejected
470,0, Not Graduate, No,300000,900000,20,436,0,400000,600000,200000, Rejected
471,0, Not Graduate, Yes,6900000,22100000,20,303,13600000,4600000,22000000,6900000, Rejected
472,4, Graduate, No,3700000,11400000,12,728,4200000,5800000,7300000,2300000, Approved
473,3, Not Graduate, Yes,8800000,28600000,10,775,5200000,5000000,32000000,9600000, Approved
474,5, Graduate, Yes,8200000,23500000,12,402,15100000,1500000,24300000,5800000, Rejected
475,1, Not Graduate, Yes,9200000,31500000,18,698,5300000,6100000,20400000,8300000, Approved
476,0, Not Graduate, No,2400000,7800000,14,665,5200000,2900000,6200000,2900000, Approved
477,4, Not Graduate, No,4100000,13500000,18,490,4700000,6200000,13900000,2000000, Rejected
478,1, Graduate, No,8000000,31900000,12,504,23800000,1500000,22100000,6000000, Rejected
479,3, Not Graduate, Yes,3600000,8600000,8,790,5400000,5900000,9800000,5200000, Approved
480,1, Not Graduate, Yes,700000,2700000,20,669,100000,1000000,2600000,500000, Approved
481,4, Not Graduate, No,8300000,30700000,6,381,21700000,2300000,26700000,4600000, Rejected
482,0, Graduate, Yes,5300000,15000000,2,900,1700000,2100000,21000000,5800000, Approved
483,4, Graduate, No,8300000,24900000,16,506,15400000,5600000,26700000,7000000, Rejected
484,3, Not Graduate, Yes,2500000,8800000,12,538,4900000,1800000,9100000,3300000, Rejected
485,3, Graduate, Yes,5400000,14400000,8,677,11000000,7900000,20800000,3100000, Approved
486,4, Graduate, No,1600000,4900000,8,685,3200000,2000000,3800000,1500000, Approved
487,2, Not Graduate, No,2400000,6200000,12,860,4900000,3700000,9500000,1100000, Approved
488,5, Not Graduate, No,6300000,14800000,6,608,16100000,10500000,21800000,5400000, Approved
489,4, Graduate, Yes,2500000,5300000,10,540,2300000,2800000,7100000,1700000, Rejected
490,0, Graduate, Yes,7500000,16800000,16,492,21500000,4800000,25400000,11100000, Rejected
491,3, Not Graduate, No,2900000,8500000,14,834,1200000,4500000,8800000,1800000, Approved
492,3, Graduate, Yes,1000000,3500000,16,834,800000,1700000,3000000,700000, Approved
493,2, Graduate, Yes,8600000,28800000,8,890,23300000,5900000,21200000,7200000, Approved
494,1, Not Graduate, No,300000,1100000,12,443,600000,400000,1200000,200000, Rejected
495,5, Not Graduate, No,2300000,5700000,18,329,5600000,3300000,4900000,2700000, Rejected
496,2, Not Graduate, Yes,2400000,5400000,12,739,300000,2500000,5000000,3000000, Approved
497,5, Graduate, Yes,9800000,30300000,6,867,20800000,16000000,30200000,7600000, Approved
498,2, Not Graduate, No,8100000,24800000,6,307,200000,4000000,31100000,10500000, Rejected
499,3, Graduate, No,6700000,15500000,18,492,2100000,2000000,26300000,9400000, Rejected
500,1, Not Graduate, Yes,8400000,24700000,18,698,23000000,13200000,32700000,12200000, Approved
501,2, Graduate, No,200000,700000,8,851,400000,200000,800000,200000, Approved
502,2, Graduate, No,4700000,12500000,14,375,1300000,6300000,10100000,5400000, Rejected
503,0, Graduate, Yes,4300000,14300000,14,601,3800000,900000,16700000,5700000, Approved
504,4, Not Graduate, No,2200000,7000000,20,756,3600000,3900000,5700000,1200000, Approved
505,4, Graduate, Yes,8600000,19200000,4,868,20400000,1500000,32800000,9300000, Approved
506,4, Graduate, Yes,2000000,7200000,10,838,2500000,300000,7600000,1000000, Approved
507,4, Not Graduate, Yes,4200000,15900000,14,375,7200000,7900000,16200000,3000000, Rejected
508,0, Not Graduate, Yes,5100000,12500000,18,778,3300000,1000000,14800000,3200000, Approved
509,2, Graduate, Yes,4100000,11200000,6,442,12200000,4100000,10000000,4500000, Rejected
510,1, Graduate, Yes,9900000,39500000,12,808,11800000,3700000,30200000,13500000, Approved
511,1, Not Graduate, Yes,3200000,9000000,20,372,2700000,2800000,7200000,3800000, Rejected
512,2, Graduate, No,5500000,19000000,4,597,1100000,4000000,18700000,5300000, Approved
513,0, Graduate, Yes,7800000,29100000,20,435,21100000,13000000,17300000,9700000, Rejected
514,3, Graduate, Yes,3400000,9700000,20,728,1500000,1500000,7300000,2400000, Approved
515,4, Graduate, Yes,7900000,25900000,14,373,10900000,14300000,27700000,7600000, Rejected
516,3, Graduate, Yes,8900000,18500000,10,367,6100000,0,32000000,10300000, Rejected
517,2, Graduate, No,7300000,19100000,14,552,2000000,13400000,16800000,4000000, Approved
518,4, Not Graduate, Yes,3300000,10600000,8,465,500000,4400000,7300000,2800000, Rejected
519,4, Graduate, Yes,2900000,10500000,8,607,4400000,5500000,7600000,3800000, Approved
520,2, Graduate, Yes,500000,1300000,4,427,1400000,500000,1800000,600000, Rejected
521,3, Not Graduate, No,7200000,21200000,4,711,10800000,4200000,24900000,5700000, Approved
522,3, Not Graduate, No,8300000,24100000,14,823,5900000,700000,24000000,7700000, Approved
523,1, Not Graduate, Yes,8700000,20500000,6,523,19300000,6500000,23700000,4800000, Rejected
524,4, Not Graduate, Yes,7100000,27900000,10,328,9000000,13400000,26500000,7700000, Rejected
525,3, Graduate, Yes,9800000,28200000,12,721,15800000,6500000,21900000,9600000, Approved
526,0, Graduate, Yes,6900000,17000000,20,599,18100000,9400000,26600000,4300000, Approved
527,0, Not Graduate, No,2400000,5000000,14,580,5900000,4400000,5500000,3200000, Approved
528,1, Not Graduate, Yes,2100000,4900000,10,744,200000,2000000,5400000,1000000, Approved
529,2, Graduate, Yes,7200000,23900000,4,559,4200000,12200000,17800000,10800000, Approved
530,2, Graduate, No,4600000,13500000,16,587,7700000,5900000,10600000,5000000, Approved
531,5, Graduate, Yes,9900000,31800000,18,817,23400000,700000,32600000,11500000, Approved
532,4, Not Graduate, Yes,300000,1000000,20,655,0,100000,1100000,400000, Approved
533,5, Graduate, Yes,6900000,23900000,6,382,17100000,6900000,21500000,8900000, Rejected
534,2, Graduate, Yes,1700000,4300000,6,765,5000000,1500000,3400000,900000, Approved
535,2, Graduate, Yes,4400000,10000000,20,516,7400000,7600000,12200000,5100000, Rejected
536,4, Not Graduate, Yes,4300000,15000000,8,383,4700000,100000,9000000,4900000, Rejected
537,2, Not Graduate, No,3700000,14100000,6,633,800000,200000,11300000,3400000, Approved
538,1, Graduate, No,5900000,15200000,2,547,17100000,2000000,14700000,3600000, Rejected
539,5, Not Graduate, Yes,8600000,26300000,10,843,23300000,9800000,18100000,11300000, Approved
540,3, Not Graduate, Yes,3400000,13200000,8,783,6500000,300000,13000000,4900000, Approved
541,3, Not Graduate, Yes,1000000,3200000,14,790,1900000,100000,3600000,1100000, Approved
542,1, Not Graduate, Yes,4400000,14200000,16,409,12700000,1300000,12600000,4500000, Rejected
543,0, Not Graduate, No,3600000,7800000,14,376,9800000,6900000,11900000,3000000, Rejected
544,3, Not Graduate, No,1400000,2700000,8,625,3100000,1800000,3400000,1000000, Approved
545,0, Not Graduate, No,5300000,10900000,18,707,12900000,2600000,12700000,7600000, Approved
546,3, Graduate, Yes,9400000,20500000,6,645,17400000,13000000,24500000,10200000, Approved
547,4, Not Graduate, Yes,6600000,22100000,6,887,3600000,3500000,19800000,4700000, Approved
548,5, Graduate, No,9800000,37600000,18,319,19200000,5100000,19900000,5100000, Rejected
549,1, Not Graduate, No,1900000,4900000,20,647,4100000,2100000,6800000,1700000, Approved
550,2, Not Graduate, Yes,5800000,22500000,6,888,11900000,2600000,17100000,4800000, Approved
551,2, Not Graduate, No,3100000,10400000,10,420,6900000,5900000,10000000,3500000, Rejected
552,0, Graduate, No,6800000,18400000,2,791,4000000,900000,20200000,9900000, Approved
553,5, Not Graduate, No,4600000,16200000,12,891,5900000,1200000,10800000,3700000, Approved
554,2, Not Graduate, Yes,200000,700000,16,641,600000,200000,600000,100000, Approved
555,3, Not Graduate, Yes,9500000,22800000,6,319,200000,18800000,34100000,9400000, Rejected
556,5, Not Graduate, Yes,6200000,22200000,20,819,13500000,6600000,21700000,8700000, Approved
557,4, Not Graduate, Yes,9700000,32300000,18,387,11600000,14300000,20000000,5400000, Rejected
558,5, Graduate, Yes,4200000,12300000,2,686,10500000,200000,15600000,4200000, Approved
559,1, Graduate, Yes,5700000,12000000,4,415,15700000,900000,17300000,7400000, Rejected
560,2, Graduate, Yes,200000,500000,6,885,-100000,0,300000,200000, Rejected
561,4, Graduate, No,8000000,25500000,4,722,17200000,13900000,26200000,4900000, Approved
562,4, Graduate, No,5200000,20400000,20,761,4700000,1600000,14300000,6200000, Approved
563,1, Graduate, Yes,7100000,15200000,8,389,5900000,900000,24300000,5900000, Rejected
564,1, Graduate, Yes,9300000,27900000,12,600,2100000,4200000,29000000,6600000, Approved
565,5, Graduate, No,2000000,6100000,2,407,1900000,1900000,4600000,2000000, Approved
566,3, Graduate, Yes,3900000,14000000,18,829,5200000,4000000,11600000,2700000, Approved
567,2, Not Graduate, No,2800000,5900000,6,895,1000000,3900000,10900000,1500000, Approved
568,5, Graduate, Yes,3000000,11100000,12,441,8500000,2500000,7300000,2000000, Rejected
569,4, Not Graduate, No,4500000,9800000,16,895,9800000,8200000,13900000,5500000, Approved
570,4, Graduate, No,1900000,4300000,4,826,2400000,0,7000000,900000, Approved
571,1, Graduate, No,2300000,7200000,8,453,3000000,2100000,8100000,3400000, Rejected
572,0, Graduate, No,4700000,17500000,2,701,5400000,2300000,11700000,7000000, Approved
573,2, Not Graduate, Yes,1300000,2700000,8,627,100000,300000,2600000,1300000, Approved
574,3, Graduate, No,3100000,11000000,2,543,5900000,2200000,9000000,2400000, Approved
575,0, Graduate, No,8400000,17500000,18,411,13200000,5300000,31300000,10400000, Rejected
576,5, Graduate, Yes,1700000,5800000,4,583,2000000,1800000,6000000,2300000, Approved
577,2, Not Graduate, No,1900000,7500000,2,889,600000,1100000,7100000,2600000, Approved
578,3, Not Graduate, No,2400000,8600000,8,684,3400000,2400000,6200000,1600000, Approved
579,5, Graduate, No,6800000,20500000,10,578,500000,11800000,27200000,3400000, Approved
580,1, Graduate, No,2900000,10900000,20,445,6600000,2800000,9300000,2600000, Rejected
581,4, Graduate, Yes,8900000,26300000,10,369,23900000,7000000,27400000,12100000, Rejected
582,1, Not Graduate, No,8800000,22200000,18,794,8400000,11900000,21000000,10500000, Approved
583,0, Graduate, Yes,8200000,19200000,16,492,16500000,9200000,20000000,7200000, Rejected
584,3, Not Graduate, Yes,3600000,13200000,16,557,9800000,4000000,9900000,2100000, Approved
585,4, Graduate, Yes,9500000,31800000,6,519,5900000,1300000,28400000,12200000, Rejected
586,0, Not Graduate, Yes,1900000,5700000,18,699,5500000,200000,6500000,2000000, Approved
587,3, Not Graduate, Yes,9100000,24600000,2,741,8000000,4000000,35500000,13600000, Approved
588,5, Graduate, No,1100000,3800000,18,508,200000,1800000,2300000,900000, Rejected
589,5, Not Graduate, Yes,1100000,2800000,10,647,2700000,2000000,4300000,1400000, Approved
590,1, Graduate, No,9300000,28600000,14,656,17300000,9100000,27400000,12500000, Approved
591,4, Graduate, Yes,3900000,10600000,2,439,300000,7600000,14800000,2500000, Rejected
592,5, Not Graduate, Yes,1500000,4000000,12,350,2900000,1900000,4400000,1200000, Rejected
593,5, Graduate, No,800000,2200000,6,493,900000,500000,2800000,1000000, Rejected
594,4, Graduate, No,600000,1800000,6,851,100000,1100000,2100000,800000, Approved
595,2, Graduate, No,4400000,12500000,18,492,7900000,1200000,10100000,2700000, Rejected
596,4, Graduate, Yes,2700000,5400000,6,861,6300000,2400000,6700000,2700000, Approved
597,3, Not Graduate, Yes,6200000,14600000,2,664,18300000,8400000,16800000,6600000, Approved
598,5, Graduate, Yes,700000,1300000,16,362,2100000,1300000,2000000,1000000, Rejected
599,0, Graduate, No,3400000,9400000,6,703,600000,6000000,8600000,2600000, Approved
600,1, Not Graduate, Yes,4900000,16800000,12,758,1700000,2700000,11100000,5900000, Approved
601,3, Not Graduate, Yes,4200000,9700000,2,396,700000,8200000,8600000,4300000, Rejected
602,0, Graduate, Yes,5300000,10600000,2,828,8100000,6700000,17400000,5800000, Approved
603,5, Graduate, Yes,3700000,10000000,20,709,8000000,800000,12000000,2200000, Approved
604,4, Not Graduate, Yes,5600000,17500000,10,528,14200000,2300000,12100000,7200000, Rejected
605,2, Graduate, Yes,4300000,16000000,14,623,9800000,6700000,17000000,4500000, Approved
606,4, Not Graduate, Yes,7100000,24500000,14,599,9100000,7000000,20400000,6800000, Approved
607,4, Graduate, Yes,5400000,12700000,4,622,11000000,3300000,15100000,6500000, Approved
608,0, Not Graduate, No,6000000,13100000,6,385,16600000,7600000,22000000,7400000, Rejected
609,4, Graduate, Yes,4100000,12500000,2,579,10900000,7200000,12200000,2000000, Approved
610,4, Not Graduate, No,8300000,17900000,20,846,12700000,1300000,26800000,12200000, Approved
611,3, Graduate, No,8100000,23900000,10,449,7100000,6100000,28300000,8900000, Rejected
612,1, Not Graduate, No,7200000,24900000,14,666,3600000,11600000,16600000,5800000, Approved
613,5, Graduate, No,7200000,17500000,4,380,2300000,400000,17500000,6200000, Rejected
614,2, Graduate, Yes,3500000,8100000,4,589,3800000,6700000,12500000,2700000, Approved
615,1, Graduate, No,6200000,19500000,12,845,9100000,2900000,15300000,4000000, Approved
616,3, Not Graduate, No,5200000,17300000,10,401,2600000,1400000,12700000,6400000, Rejected
617,0, Not Graduate, No,4500000,14500000,2,766,6100000,8400000,17200000,6600000, Approved
618,5, Not Graduate, No,5400000,15100000,12,522,5200000,4700000,13900000,5700000, Rejected
619,3, Not Graduate, Yes,2000000,6900000,6,834,2200000,2800000,6400000,3000000, Approved
620,3, Graduate, No,8900000,25400000,8,588,19400000,12100000,18800000,4500000, Approved
621,2, Graduate, No,5000000,10600000,4,570,11900000,900000,14800000,7100000, Approved
622,2, Graduate, No,4900000,17600000,6,860,13600000,7500000,12700000,5600000, Approved
623,4, Graduate, Yes,5300000,19200000,4,655,14200000,6900000,17800000,3900000, Approved
624,3, Not Graduate, Yes,8500000,27700000,4,457,3600000,400000,18900000,5200000, Approved
625,5, Graduate, Yes,700000,2100000,14,863,100000,1200000,2700000,600000, Approved
626,3, Not Graduate, Yes,5900000,18900000,4,742,10800000,4500000,23200000,8000000, Approved
627,3, Graduate, No,3500000,13300000,4,798,7400000,5300000,12100000,3600000, Approved
628,5, Not Graduate, Yes,7700000,18900000,16,552,15600000,6100000,23900000,6600000, Approved
629,2, Not Graduate, Yes,4500000,12500000,12,418,400000,4300000,12400000,4300000, Rejected
630,0, Graduate, No,9100000,22200000,6,419,7400000,600000,18200000,9800000, Rejected
631,1, Not Graduate, Yes,9000000,29900000,2,668,22100000,7200000,24400000,4700000, Approved
632,2, Not Graduate, No,8900000,29200000,8,608,10800000,5200000,33500000,11700000, Approved
633,5, Not Graduate, No,6500000,13800000,10,342,15300000,2300000,14400000,7300000, Rejected
634,4, Not Graduate, Yes,8100000,18000000,8,817,1400000,7800000,16900000,10800000, Approved
635,1, Not Graduate, No,8400000,29900000,16,476,16100000,2400000,32700000,7500000, Rejected
636,0, Not Graduate, No,5300000,20000000,6,881,15900000,3700000,19500000,4000000, Approved
637,2, Graduate, No,4100000,15600000,12,838,5500000,4800000,15100000,2700000, Approved
638,3, Not Graduate, No,6900000,27400000,4,406,10200000,6500000,23900000,5300000, Approved
639,1, Graduate, Yes,5200000,19500000,12,778,5200000,4300000,19900000,5800000, Approved
640,5, Not Graduate, Yes,2000000,7400000,14,799,3600000,3700000,4300000,1100000, Approved
641,3, Graduate, No,4600000,17800000,20,716,12600000,2600000,10800000,4500000, Approved
642,0, Graduate, Yes,7100000,20100000,16,756,8000000,5000000,17600000,5400000, Approved
643,0, Not Graduate, No,9300000,20100000,10,743,4800000,1800000,21900000,13600000, Approved
644,3, Not Graduate, No,5400000,19400000,20,731,13800000,3200000,20000000,4300000, Approved
645,3, Not Graduate, No,4100000,8500000,2,833,12000000,0,16200000,3400000, Approved
646,4, Not Graduate, No,4900000,11400000,8,470,12000000,7500000,14700000,4800000, Rejected
647,5, Graduate, Yes,5400000,21200000,20,734,7300000,1800000,11500000,7500000, Approved
648,0, Graduate, No,3000000,9600000,12,620,7900000,0,8600000,3600000, Approved
649,0, Not Graduate, Yes,6800000,14400000,8,812,15200000,4500000,21100000,6400000, Approved
650,4, Graduate, Yes,5100000,14000000,12,459,9800000,0,10400000,6800000, Rejected
651,0, Graduate, Yes,9800000,32600000,10,704,7000000,12100000,30000000,4900000, Approved
652,1, Graduate, Yes,1600000,4100000,6,391,4300000,1400000,5700000,700000, Rejected
653,4, Graduate, No,8000000,29100000,4,421,3100000,12000000,27000000,8800000, Approved
654,5, Graduate, No,2900000,6700000,14,796,3800000,3700000,9700000,4200000, Approved
655,4, Graduate, No,9200000,30300000,10,607,24000000,16600000,29600000,8900000, Approved
656,3, Not Graduate, No,9500000,20400000,14,376,2300000,6600000,25900000,8400000, Rejected
657,0, Graduate, Yes,3700000,8500000,8,424,1900000,5600000,14800000,4100000, Rejected
658,5, Graduate, Yes,7100000,20800000,6,442,2900000,7100000,28200000,7100000, Rejected
659,5, Not Graduate, No,5600000,17600000,14,448,6700000,3500000,18900000,6800000, Rejected
660,0, Graduate, Yes,1200000,2700000,2,638,1500000,500000,2700000,1500000, Approved
661,3, Not Graduate, No,1600000,5600000,6,710,3100000,800000,6000000,1600000, Approved
662,4, Not Graduate, Yes,1600000,4800000,20,641,4200000,1000000,4100000,1400000, Approved
663,2, Not Graduate, No,5300000,20200000,10,348,9200000,9500000,17300000,6100000, Rejected
664,5, Not Graduate, No,9100000,19900000,20,519,9300000,16400000,28900000,10500000, Rejected
665,4, Not Graduate, Yes,9400000,35000000,10,517,10700000,15100000,27500000,6700000, Rejected
666,3, Not Graduate, No,5900000,22400000,6,375,6500000,10500000,18100000,4800000, Rejected
667,2, Graduate, Yes,1100000,3400000,10,426,300000,800000,3900000,1400000, Rejected
668,4, Graduate, Yes,3100000,11500000,14,785,3200000,3100000,9100000,4200000, Approved
669,4, Not Graduate, No,2200000,8600000,20,373,4100000,1300000,5900000,1400000, Rejected
670,1, Graduate, No,6000000,20100000,6,476,13900000,10000000,15200000,5500000, Rejected
671,1, Graduate, Yes,2000000,5600000,18,320,2400000,2300000,4600000,2100000, Rejected
672,4, Graduate, No,7200000,22900000,18,657,14600000,400000,17400000,8800000, Approved
673,1, Not Graduate, Yes,500000,1900000,12,868,200000,500000,1800000,300000, Approved
674,1, Not Graduate, Yes,5800000,13900000,6,345,4000000,9300000,20900000,5500000, Rejected
675,0, Not Graduate, No,200000,300000,6,472,400000,100000,700000,0, Rejected
676,4, Not Graduate, Yes,4600000,9500000,20,613,5200000,5900000,13700000,3000000, Approved
677,5, Not Graduate, Yes,4600000,12800000,14,769,13100000,8600000,12100000,3500000, Approved
678,1, Graduate, No,6500000,23100000,20,741,11400000,8500000,25700000,7900000, Approved
679,4, Not Graduate, Yes,4400000,16600000,14,889,800000,1400000,14900000,5900000, Approved
680,0, Not Graduate, Yes,900000,3600000,10,683,1400000,700000,3500000,400000, Approved
681,0, Not Graduate, Yes,3200000,7400000,18,780,4200000,2600000,9000000,2800000, Approved
682,3, Graduate, No,600000,1100000,8,538,500000,800000,1400000,300000, Rejected
683,1, Not Graduate, No,5200000,12600000,10,721,1100000,8700000,13900000,3600000, Approved
684,3, Not Graduate, Yes,6400000,15200000,14,467,15500000,9100000,18400000,3200000, Rejected
685,2, Not Graduate, No,1000000,2500000,6,551,1700000,200000,3700000,900000, Approved
686,2, Not Graduate, No,6800000,14800000,14,803,11300000,3300000,19600000,6600000, Approved
687,0, Graduate, No,3000000,8400000,10,361,7700000,200000,7300000,1800000, Rejected
688,1, Not Graduate, Yes,8700000,30700000,6,708,20600000,4500000,27600000,9300000, Approved
689,4, Graduate, Yes,8800000,20900000,18,766,13500000,15400000,34500000,13100000, Approved
690,1, Not Graduate, Yes,3900000,11500000,2,464,9300000,5700000,12400000,5100000, Rejected
691,5, Graduate, No,1700000,4300000,2,517,100000,200000,6200000,1600000, Rejected
692,3, Not Graduate, Yes,900000,2300000,6,747,1200000,200000,2900000,600000, Approved
693,1, Not Graduate, No,7200000,24700000,6,596,8800000,1400000,21700000,5800000, Approved
694,0, Graduate, No,9200000,25400000,2,783,25400000,2000000,19600000,12400000, Approved
695,3, Not Graduate, No,5700000,19400000,2,335,7400000,10600000,20600000,7100000, Approved
696,5, Not Graduate, Yes,1100000,2700000,4,889,1900000,1000000,2200000,500000, Approved
697,2, Not Graduate, Yes,1100000,2200000,4,874,1900000,1300000,2100000,900000, Approved
698,0, Graduate, Yes,6000000,23900000,4,394,6700000,5800000,21900000,4500000, Approved
699,2, Graduate, Yes,8100000,28500000,20,420,1500000,1400000,31800000,10000000, Rejected
700,2, Not Graduate, Yes,6500000,25100000,20,848,11500000,8600000,17400000,4400000, Approved
701,0, Graduate, Yes,7600000,17900000,16,788,1700000,7800000,27100000,5900000, Approved
702,1, Graduate, No,2200000,4900000,8,509,3800000,0,5400000,2900000, Rejected
703,4, Graduate, Yes,6300000,23900000,6,899,-100000,11400000,20600000,6700000, Approved
704,4, Not Graduate, Yes,6700000,15800000,12,466,7500000,4600000,19900000,6600000, Rejected
705,5, Graduate, Yes,1300000,4300000,2,595,1300000,500000,2900000,1500000, Approved
706,1, Not Graduate, No,2800000,6700000,12,322,1900000,2000000,8600000,2100000, Rejected
707,3, Graduate, No,7000000,18900000,2,691,6300000,7400000,15200000,3900000, Approved
708,3, Not Graduate, Yes,8800000,26700000,10,379,10100000,15500000,27000000,9700000, Rejected
709,0, Graduate, No,8900000,25800000,18,531,12400000,3400000,22900000,5400000, Rejected
710,5, Not Graduate, No,7000000,21800000,4,631,8100000,7100000,14600000,10000000, Approved
711,0, Graduate, Yes,6900000,18600000,10,330,19600000,9400000,16400000,4500000, Rejected
712,5, Graduate, No,9200000,29200000,16,383,17700000,13300000,30400000,5700000, Rejected
713,0, Graduate, Yes,6100000,19700000,16,678,13700000,2300000,19300000,5500000, Approved
714,1, Graduate, Yes,4400000,14700000,8,894,11400000,6300000,9400000,2400000, Approved
715,4, Not Graduate, No,9900000,22700000,12,567,28300000,9900000,29700000,5400000, Approved
716,5, Not Graduate, No,3900000,14000000,4,708,700000,1800000,15600000,5200000, Approved
717,3, Graduate, No,6800000,21200000,2,433,10700000,1900000,23200000,6300000, Approved
718,4, Not Graduate, No,3600000,8700000,14,302,6400000,3700000,7800000,4100000, Rejected
719,4, Graduate, No,700000,2600000,14,736,2100000,600000,1900000,400000, Approved
720,2, Not Graduate, Yes,4000000,8500000,6,323,11200000,1000000,14300000,4100000, Rejected
721,4, Graduate, No,1800000,4100000,12,670,1900000,2900000,4700000,2200000, Approved
722,3, Not Graduate, No,5600000,21000000,12,609,8800000,11000000,15800000,4900000, Approved
723,4, Not Graduate, No,6800000,24200000,18,349,18800000,0,15800000,9400000, Rejected
724,5, Not Graduate, Yes,600000,1500000,2,319,100000,1100000,2100000,600000, Rejected
725,1, Not Graduate, No,4200000,16200000,14,391,5800000,2100000,14100000,2600000, Rejected
726,4, Not Graduate, No,5000000,18700000,10,755,3600000,600000,13000000,2600000, Approved
727,1, Not Graduate, No,4100000,12200000,6,354,7300000,5600000,16300000,3500000, Rejected
728,3, Not Graduate, Yes,2200000,8800000,2,877,5000000,1300000,6400000,3100000, Approved
729,1, Not Graduate, No,3400000,8600000,16,312,6400000,6100000,8400000,3000000, Rejected
730,0, Graduate, No,7100000,15900000,14,746,9500000,3900000,23500000,8000000, Approved
731,3, Graduate, No,5800000,19600000,16,313,11100000,8100000,22700000,6300000, Rejected
732,2, Graduate, No,3400000,12900000,14,857,3400000,2500000,8700000,1900000, Approved
733,2, Not Graduate, No,7700000,18300000,20,504,14600000,500000,18300000,4600000, Rejected
734,0, Graduate, No,500000,1200000,14,556,900000,0,1800000,500000, Approved
735,2, Graduate, Yes,5300000,11000000,14,393,6800000,2400000,20500000,5200000, Rejected
736,0, Graduate, No,4700000,14400000,14,881,11000000,6100000,17600000,2400000, Approved
737,2, Graduate, Yes,4300000,12200000,14,719,5100000,2600000,14000000,5700000, Approved
738,2, Graduate, Yes,900000,2500000,16,458,-100000,100000,3200000,1100000, Rejected
739,4, Graduate, No,2000000,7500000,14,857,4300000,1500000,4200000,2100000, Approved
740,2, Graduate, Yes,2000000,7600000,16,429,5300000,3100000,5800000,2200000, Rejected
741,3, Not Graduate, No,4100000,15900000,12,538,3900000,800000,8800000,5700000, Rejected
742,1, Not Graduate, No,6900000,14400000,10,828,4600000,13000000,26700000,9000000, Approved
743,5, Graduate, Yes,2300000,6100000,6,339,5100000,2500000,8300000,2400000, Rejected
744,5, Graduate, Yes,5800000,16600000,18,376,2500000,7500000,21100000,2800000, Rejected
745,5, Not Graduate, No,8000000,30000000,14,549,14800000,200000,17300000,7000000, Rejected
746,3, Not Graduate, Yes,3700000,12700000,18,587,11000000,3100000,8800000,4100000, Approved
747,0, Not Graduate, No,2600000,8400000,18,861,0,3500000,6200000,3800000, Approved
748,0, Not Graduate, No,3000000,7000000,12,409,6400000,4900000,8000000,3500000, Rejected
749,4, Graduate, No,2700000,10200000,4,528,7800000,2200000,10000000,1600000, Approved
750,4, Not Graduate, No,5700000,19600000,8,691,8800000,2200000,12100000,3000000, Approved
751,2, Graduate, No,1500000,3600000,4,584,3900000,1300000,4800000,1700000, Approved
752,5, Not Graduate, No,6800000,20000000,4,459,14500000,3000000,25000000,4900000, Rejected
753,1, Graduate, Yes,8100000,31700000,10,755,0,12700000,30100000,4700000, Approved
754,3, Not Graduate, Yes,9200000,27700000,20,688,4800000,16300000,25800000,11200000, Approved
755,1, Not Graduate, Yes,7600000,26000000,6,384,2600000,1200000,20000000,7900000, Rejected
756,4, Graduate, No,600000,1600000,20,869,1400000,1000000,1700000,200000, Approved
757,1, Not Graduate, Yes,4700000,18700000,20,445,2100000,0,11100000,4000000, Rejected
758,0, Graduate, No,1400000,5500000,6,393,500000,1500000,5400000,1800000, Rejected
759,3, Graduate, Yes,9400000,24600000,10,414,8800000,13400000,23800000,5600000, Rejected
760,2, Graduate, No,9700000,19900000,16,395,2800000,13700000,37000000,10800000, Rejected
761,3, Not Graduate, Yes,8900000,21000000,14,815,200000,10800000,21600000,6400000, Approved
762,5, Graduate, No,4600000,10500000,8,758,3900000,4300000,15800000,2900000, Approved
763,5, Not Graduate, Yes,5600000,14500000,10,457,6900000,7800000,20600000,4600000, Rejected
764,0, Graduate, Yes,1000000,3200000,10,854,2600000,800000,2900000,1200000, Approved
765,3, Graduate, No,3500000,10300000,16,324,2400000,900000,12600000,2400000, Rejected
766,0, Not Graduate, No,7900000,31500000,14,849,19400000,10300000,26600000,10600000, Approved
767,3, Graduate, Yes,6100000,24200000,12,672,300000,11100000,23500000,5000000, Approved
768,3, Not Graduate, Yes,8900000,20900000,6,859,9600000,16500000,29300000,11100000, Approved
769,4, Graduate, No,5300000,15400000,8,584,5100000,1700000,14000000,5000000, Approved
770,5, Not Graduate, No,1300000,4800000,4,346,3200000,1600000,3400000,1600000, Approved
771,3, Graduate, No,4000000,12800000,18,635,6000000,7000000,12900000,4200000, Approved
772,2, Not Graduate, No,8700000,22700000,4,365,8200000,14800000,30200000,7200000, Rejected
773,1, Not Graduate, No,9500000,20000000,16,856,24900000,0,35700000,6200000, Approved
774,5, Graduate, Yes,9000000,20000000,2,440,17100000,1000000,28500000,7600000, Rejected
775,0, Graduate, Yes,7300000,23300000,2,616,15700000,5900000,25800000,4100000, Approved
776,3, Graduate, Yes,7400000,25700000,2,461,5700000,2900000,15100000,5100000, Approved
777,5, Not Graduate, No,3100000,10800000,10,681,5100000,1700000,7400000,1500000, Approved
778,2, Graduate, No,4300000,9400000,2,485,11000000,8100000,11000000,2200000, Rejected
779,1, Graduate, Yes,2400000,8300000,6,684,5500000,3500000,5300000,2300000, Approved
780,1, Graduate, No,5400000,17900000,14,727,13100000,0,12300000,4700000, Approved
781,2, Not Graduate, No,1600000,5100000,6,784,1400000,2400000,4500000,1400000, Approved
782,3, Not Graduate, Yes,9900000,20400000,4,865,26300000,3600000,36500000,12800000, Approved
783,3, Not Graduate, No,5800000,20100000,18,791,1400000,10800000,16300000,5600000, Approved
784,4, Not Graduate, No,2200000,8500000,16,866,4000000,1900000,6800000,2800000, Approved
785,0, Graduate, No,5000000,14400000,2,761,-100000,7300000,12600000,4500000, Approved
786,2, Not Graduate, Yes,600000,2100000,18,572,400000,500000,1400000,300000, Approved
787,4, Graduate, No,2200000,8600000,6,601,2700000,2900000,6700000,3300000, Approved
788,1, Graduate, Yes,2600000,5500000,14,820,2700000,2400000,9300000,2000000, Approved
789,4, Not Graduate, No,1200000,4300000,8,598,1600000,1800000,3200000,1300000, Approved
790,2, Graduate, No,3100000,8700000,18,544,5300000,1100000,12200000,1500000, Rejected
791,5, Not Graduate, Yes,4600000,14500000,14,561,2300000,6200000,10200000,5800000, Approved
792,4, Graduate, Yes,9300000,35500000,6,547,2800000,17800000,27000000,13900000, Rejected
793,4, Graduate, No,6300000,13400000,2,504,10500000,10900000,14500000,9400000, Rejected
794,2, Not Graduate, No,5900000,20800000,14,530,7100000,5800000,13100000,8800000, Rejected
795,2, Graduate, Yes,2900000,10600000,6,614,1000000,300000,7600000,3600000, Approved
796,4, Not Graduate, No,6100000,22400000,18,351,11800000,5000000,24400000,4800000, Rejected
797,4, Graduate, Yes,5900000,19700000,10,431,3300000,9200000,22700000,5300000, Rejected
798,1, Not Graduate, Yes,4600000,18400000,10,403,200000,8800000,17300000,2900000, Rejected
799,2, Not Graduate, No,7000000,20200000,8,668,16600000,5000000,26100000,9100000, Approved
800,3, Not Graduate, Yes,5100000,10400000,18,399,8000000,4300000,20100000,4600000, Rejected
801,1, Graduate, No,3100000,10600000,14,665,6200000,800000,9500000,3900000, Approved
802,2, Graduate, No,4100000,12800000,16,344,10300000,7000000,15800000,4100000, Rejected
803,0, Graduate, No,1800000,5400000,16,555,3900000,2900000,5100000,1700000, Approved
804,4, Not Graduate, Yes,8200000,26900000,20,301,23800000,13600000,31000000,9900000, Rejected
805,2, Not Graduate, Yes,800000,2100000,6,726,2000000,0,2600000,600000, Approved
806,2, Graduate, No,8400000,23100000,6,689,5700000,2500000,18900000,11900000, Approved
807,0, Not Graduate, No,8500000,33900000,4,665,8500000,12800000,17900000,4500000, Approved
808,3, Not Graduate, Yes,3300000,12700000,16,608,3600000,6200000,12600000,4500000, Approved
809,3, Not Graduate, No,5800000,12800000,20,335,4400000,3000000,15300000,8000000, Rejected
810,3, Not Graduate, No,4400000,10500000,18,677,100000,2000000,12100000,5000000, Approved
811,1, Not Graduate, No,2600000,8500000,2,491,1700000,1800000,5300000,2600000, Approved
812,2, Not Graduate, Yes,9600000,28100000,20,763,23000000,11800000,27500000,10300000, Approved
813,5, Not Graduate, Yes,5200000,18100000,8,809,2400000,6900000,14000000,5500000, Approved
814,5, Not Graduate, Yes,9700000,36400000,16,544,3500000,15000000,31300000,5200000, Rejected
815,1, Graduate, Yes,200000,800000,14,624,600000,0,600000,0, Approved
816,3, Graduate, No,6500000,16800000,10,388,9500000,800000,14900000,7200000, Rejected
817,4, Graduate, Yes,7200000,23100000,14,644,13300000,3500000,18300000,4200000, Approved
818,0, Not Graduate, No,5200000,18400000,14,600,7300000,9700000,16500000,3600000, Approved
819,2, Not Graduate, No,6500000,14100000,2,709,1000000,12700000,20900000,4000000, Approved
820,5, Graduate, Yes,2300000,5600000,8,642,2600000,1900000,8600000,2500000, Approved
821,0, Not Graduate, Yes,3300000,10400000,4,423,7400000,4700000,11600000,3200000, Approved
822,0, Not Graduate, Yes,2000000,5900000,12,900,3800000,2400000,7100000,3000000, Approved
823,2, Graduate, Yes,8300000,19500000,4,415,2300000,9400000,21700000,8600000, Rejected
824,4, Graduate, Yes,3800000,14300000,4,645,1300000,1100000,10900000,4600000, Approved
825,0, Not Graduate, No,5700000,15600000,16,742,700000,5800000,11400000,6800000, Approved
826,4, Not Graduate, No,7300000,19800000,8,724,5500000,6000000,29000000,10300000, Approved
827,1, Graduate, No,1600000,5400000,12,707,600000,1700000,6200000,800000, Approved
828,5, Not Graduate, Yes,800000,2500000,4,780,500000,900000,1700000,400000, Approved
829,4, Not Graduate, No,6300000,21900000,10,538,9600000,5400000,19300000,7800000, Rejected
830,2, Graduate, No,8800000,17700000,14,706,22900000,4300000,30300000,9200000, Approved
831,0, Graduate, No,7300000,14500000,16,811,1000000,12400000,16100000,9600000, Approved
832,2, Graduate, Yes,3800000,9100000,14,849,6300000,2400000,9500000,2500000, Approved
833,3, Graduate, No,6200000,16700000,10,880,15800000,8200000,20100000,9100000, Approved
834,5, Not Graduate, Yes,3500000,9500000,4,664,9500000,500000,7800000,5200000, Approved
835,5, Graduate, Yes,1400000,5000000,2,465,0,2600000,5300000,1500000, Approved
836,3, Not Graduate, Yes,3500000,12000000,2,786,600000,6400000,10700000,1700000, Approved
837,1, Graduate, Yes,600000,2000000,10,326,400000,1000000,2400000,700000, Rejected
838,0, Not Graduate, No,4100000,10800000,16,399,5900000,7600000,12700000,5300000, Rejected
839,2, Not Graduate, Yes,5400000,11500000,6,841,6800000,100000,11100000,6600000, Approved
840,2, Not Graduate, Yes,2000000,6700000,14,638,4900000,200000,4900000,2300000, Approved
841,4, Graduate, Yes,3500000,8900000,4,478,4000000,3900000,11300000,3800000, Rejected
842,0, Graduate, Yes,8300000,30000000,4,600,14600000,12500000,24800000,12000000, Approved
843,0, Graduate, Yes,6700000,15600000,16,768,300000,1800000,26000000,3800000, Approved
844,0, Not Graduate, No,1900000,6500000,10,523,2400000,1100000,6200000,1100000, Rejected
845,2, Graduate, Yes,6500000,20900000,14,327,8200000,100000,22800000,4700000, Rejected
846,1, Graduate, Yes,600000,1800000,8,799,1000000,700000,2200000,800000, Approved
847,5, Graduate, No,7000000,23000000,18,803,18700000,6300000,27800000,4100000, Approved
848,2, Graduate, No,7700000,15400000,18,524,12900000,5100000,21000000,6600000, Rejected
849,1, Graduate, No,2600000,6600000,6,506,2300000,1900000,9600000,2100000, Rejected
850,1, Graduate, No,9200000,18800000,2,351,22400000,2200000,31500000,13000000, Rejected
851,2, Graduate, Yes,1800000,4200000,8,648,1200000,3100000,6200000,1600000, Approved
852,1, Not Graduate, No,4900000,18500000,4,612,6100000,5900000,16400000,2900000, Approved
853,1, Graduate, No,5700000,12400000,14,396,5400000,7500000,17600000,5600000, Rejected
854,3, Not Graduate, No,300000,800000,2,458,500000,0,1100000,200000, Rejected
855,3, Graduate, Yes,1700000,3400000,6,488,100000,500000,4500000,1600000, Rejected
856,4, Graduate, No,7000000,18900000,6,475,1300000,6100000,14700000,5200000, Rejected
857,1, Not Graduate, No,2200000,7000000,18,417,2000000,3900000,6500000,1900000, Rejected
858,2, Not Graduate, No,6800000,18700000,8,781,17600000,900000,23700000,5400000, Approved
859,1, Not Graduate, Yes,2400000,6200000,12,337,3400000,2100000,9400000,2300000, Rejected
860,0, Not Graduate, Yes,600000,1800000,12,511,300000,200000,2200000,400000, Rejected
861,4, Graduate, No,6200000,17300000,6,837,12600000,3700000,24700000,4600000, Approved
862,1, Not Graduate, No,7600000,24600000,12,810,1300000,10500000,30300000,5200000, Approved
863,2, Not Graduate, No,4800000,10600000,8,588,3700000,5200000,15000000,4500000, Approved
864,5, Graduate, No,4200000,9200000,12,870,3200000,2400000,12300000,5700000, Approved
865,0, Not Graduate, Yes,7200000,20700000,10,733,15600000,12000000,19200000,9900000, Approved
866,5, Not Graduate, Yes,6400000,20300000,16,348,10000000,10900000,20400000,6900000, Rejected
867,0, Not Graduate, Yes,8900000,23000000,12,741,5600000,11200000,27100000,7100000, Approved
868,3, Not Graduate, No,5100000,14500000,12,306,700000,8800000,11600000,2900000, Rejected
869,2, Graduate, Yes,6300000,19500000,18,428,15900000,7200000,19900000,6500000, Rejected
870,3, Graduate, No,6600000,22100000,4,455,3800000,3000000,25100000,7400000, Approved
871,1, Not Graduate, Yes,4800000,14700000,2,356,7100000,8800000,13400000,5500000, Approved
872,0, Graduate, No,200000,400000,4,594,500000,0,400000,100000, Approved
873,0, Not Graduate, Yes,7500000,25800000,18,844,9100000,600000,18600000,6500000, Approved
874,4, Graduate, No,9000000,34700000,4,771,4800000,9500000,34100000,7700000, Approved
875,2, Graduate, No,5400000,12500000,4,622,14400000,2900000,11800000,5400000, Approved
876,1, Not Graduate, Yes,1700000,4500000,20,480,200000,600000,5400000,1900000, Rejected
877,4, Graduate, No,4300000,11500000,20,337,11100000,6000000,17000000,5200000, Rejected
878,1, Graduate, No,5200000,11200000,6,698,14100000,7600000,18800000,2700000, Approved
879,4, Not Graduate, No,4400000,17000000,18,302,1000000,2100000,14000000,5700000, Rejected
880,1, Not Graduate, Yes,3900000,7800000,14,349,11200000,500000,11800000,3600000, Rejected
881,0, Graduate, No,1100000,3300000,10,482,2800000,300000,2900000,1600000, Rejected
882,2, Graduate, No,2500000,8200000,10,429,1500000,4100000,5900000,2200000, Rejected
883,4, Graduate, No,500000,1300000,8,471,500000,300000,1500000,700000, Rejected
884,0, Graduate, Yes,9000000,32400000,10,895,16800000,5800000,20700000,9500000, Approved
885,1, Not Graduate, Yes,5100000,20300000,18,757,11800000,3400000,13400000,3200000, Approved
886,2, Graduate, No,5200000,13500000,2,777,7000000,5200000,15500000,6100000, Approved
887,5, Not Graduate, Yes,4400000,8900000,4,761,8100000,1000000,14200000,3000000, Approved
888,1, Graduate, No,1900000,4200000,12,821,5200000,1500000,5000000,2700000, Approved
889,4, Not Graduate, Yes,9200000,26500000,6,662,1000000,400000,26900000,5300000, Approved
890,2, Not Graduate, Yes,4800000,16500000,10,350,2000000,6500000,11400000,2900000, Rejected
891,4, Not Graduate, No,4900000,10700000,20,321,1200000,400000,11100000,6500000, Rejected
892,3, Graduate, Yes,4800000,10100000,4,368,9100000,5100000,16500000,3500000, Rejected
893,4, Graduate, No,9300000,24900000,14,455,27600000,4700000,35100000,13900000, Rejected
894,5, Not Graduate, Yes,7500000,24600000,8,744,1600000,3600000,16700000,9300000, Approved
895,1, Graduate, No,5900000,16800000,4,806,11200000,9700000,22800000,7100000, Approved
896,0, Graduate, No,9400000,27900000,6,456,21400000,18500000,35600000,7800000, Rejected
897,5, Graduate, No,5300000,13400000,8,719,1600000,200000,11400000,5300000, Approved
898,4, Graduate, No,3700000,9000000,18,668,7800000,1600000,13400000,3100000, Approved
899,0, Graduate, Yes,2500000,5800000,18,494,5100000,4400000,8500000,2300000, Rejected
900,4, Not Graduate, No,2800000,10800000,2,841,700000,2600000,7100000,4100000, Approved
901,0, Graduate, Yes,5400000,21400000,8,721,8200000,6400000,16700000,7400000, Approved
902,5, Graduate, No,3100000,9400000,10,414,200000,5300000,8000000,2800000, Rejected
903,5, Not Graduate, No,4800000,15500000,10,812,9500000,1500000,17800000,3500000, Approved
904,1, Not Graduate, No,8800000,17500000,20,832,1800000,3600000,24000000,7400000, Approved
905,2, Graduate, No,4100000,14900000,12,571,-100000,5200000,13000000,3400000, Approved
906,5, Not Graduate, No,9700000,37000000,14,459,28700000,17900000,22800000,5600000, Rejected
907,2, Graduate, Yes,6400000,24100000,6,592,2500000,6300000,20200000,6000000, Approved
908,5, Graduate, No,3400000,13100000,20,527,900000,4500000,8600000,4000000, Rejected
909,4, Not Graduate, No,3500000,10200000,12,333,7600000,6400000,8100000,3400000, Rejected
910,3, Not Graduate, No,3200000,10000000,18,532,3300000,100000,9800000,2100000, Rejected
911,2, Graduate, Yes,4900000,13100000,18,754,8200000,3300000,16500000,7200000, Approved
912,0, Graduate, Yes,1300000,4800000,4,835,500000,100000,3300000,800000, Rejected
913,4, Graduate, No,2500000,5400000,10,592,3400000,1500000,9900000,2900000, Approved
914,0, Graduate, No,7500000,27300000,20,553,11600000,2800000,26200000,6100000, Approved
915,2, Graduate, No,700000,2000000,8,806,1900000,1100000,2200000,400000, Approved
916,4, Graduate, Yes,8200000,28500000,2,378,6800000,11200000,26400000,11500000, Approved
917,1, Not Graduate, No,6900000,26200000,4,534,14500000,11900000,14900000,9400000, Approved
918,1, Not Graduate, Yes,1500000,5900000,16,400,4200000,2400000,4800000,1500000, Rejected
919,3, Graduate, No,6300000,18300000,18,543,1800000,9400000,17700000,3500000, Rejected
920,0, Not Graduate, Yes,8800000,25600000,10,715,25300000,2500000,34900000,8600000, Approved
921,4, Graduate, Yes,8900000,20700000,6,684,1100000,9200000,20400000,6700000, Approved
922,3, Not Graduate, Yes,2100000,6100000,8,346,5500000,600000,4500000,2900000, Rejected
923,1, Graduate, Yes,9200000,29200000,6,669,9900000,12900000,23400000,11700000, Approved
924,2, Not Graduate, No,3600000,8000000,12,566,10500000,3000000,8900000,2700000, Approved
925,0, Not Graduate, Yes,8600000,23600000,2,361,25800000,5300000,24700000,7500000, Rejected
926,5, Graduate, No,3000000,8000000,6,333,3200000,400000,8200000,2200000, Rejected
927,3, Not Graduate, Yes,5200000,16300000,8,335,9500000,7000000,13600000,7300000, Rejected
928,3, Graduate, Yes,7200000,20400000,10,558,0,13200000,27200000,10600000, Approved
929,1, Not Graduate, Yes,4000000,15600000,12,436,10400000,2800000,14800000,3200000, Rejected
930,1, Not Graduate, No,2400000,5200000,2,371,6100000,3100000,8500000,1400000, Rejected
931,2, Not Graduate, Yes,5500000,18400000,10,515,6800000,4400000,18500000,4100000, Rejected
932,0, Not Graduate, Yes,9000000,24300000,10,599,12900000,3400000,26900000,6400000, Approved
933,0, Not Graduate, Yes,7900000,24000000,20,728,18600000,15600000,21800000,7400000, Approved
934,2, Not Graduate, Yes,6200000,21600000,20,679,18600000,2500000,24500000,9100000, Approved
935,3, Graduate, Yes,7900000,29200000,4,399,23200000,5500000,30200000,6900000, Approved
936,3, Not Graduate, No,1200000,4500000,6,819,1400000,1100000,4400000,900000, Approved
937,1, Graduate, No,4700000,11700000,6,308,11800000,1100000,15100000,3700000, Rejected
938,5, Graduate, Yes,5900000,15600000,2,730,12600000,4700000,15900000,5900000, Approved
939,4, Not Graduate, Yes,1400000,5100000,14,312,4000000,1000000,3200000,1400000, Rejected
940,3, Not Graduate, Yes,4700000,12800000,16,740,2200000,8600000,11700000,6100000, Approved
941,5, Graduate, Yes,7600000,20000000,10,522,21500000,1400000,20400000,4300000, Rejected
942,4, Graduate, No,7200000,16900000,4,702,15900000,7100000,22000000,9600000, Approved
943,4, Not Graduate, Yes,1400000,4300000,16,447,3600000,1200000,5300000,1000000, Rejected
944,5, Graduate, No,1400000,2900000,4,829,800000,600000,5400000,1600000, Approved
945,2, Graduate, No,7900000,18500000,18,727,20200000,12400000,19600000,7100000, Approved
946,5, Not Graduate, Yes,7600000,18700000,14,509,8500000,8500000,22200000,3700000, Rejected
947,3, Graduate, Yes,9600000,34200000,2,745,2500000,2000000,33000000,6700000, Approved
948,1, Not Graduate, No,2300000,6600000,18,513,4600000,900000,9000000,1600000, Rejected
949,2, Not Graduate, No,8100000,18500000,6,372,19100000,10200000,31000000,7900000, Rejected
950,2, Graduate, Yes,300000,700000,4,411,600000,0,1200000,100000, Rejected
951,4, Graduate, No,4700000,10800000,20,495,11300000,6800000,17000000,4500000, Rejected
952,5, Not Graduate, No,1100000,2500000,4,827,2400000,1000000,4100000,600000, Approved
953,4, Not Graduate, No,8600000,25100000,6,820,14400000,5000000,26000000,8300000, Approved
954,5, Graduate, Yes,8700000,28100000,10,660,25500000,800000,25900000,10100000, Approved
955,0, Not Graduate, No,2200000,8600000,4,563,900000,1000000,4400000,2800000, Approved
956,1, Not Graduate, Yes,500000,1400000,10,883,900000,0,1700000,300000, Approved
957,0, Not Graduate, Yes,9100000,22000000,12,387,25300000,15600000,31700000,7000000, Rejected
958,1, Graduate, No,2200000,8700000,12,613,500000,1800000,5700000,2400000, Approved
959,0, Not Graduate, Yes,2200000,8000000,14,335,2800000,3700000,6900000,2900000, Rejected
960,1, Graduate, Yes,9600000,34500000,2,795,9500000,900000,32000000,9300000, Approved
961,1, Graduate, Yes,6500000,13900000,8,369,9600000,300000,17200000,8300000, Rejected
962,4, Graduate, Yes,2400000,7400000,18,888,2700000,1600000,7600000,3200000, Approved
963,4, Not Graduate, No,5500000,12300000,6,742,12900000,2700000,19800000,4300000, Approved
964,0, Graduate, No,5000000,14400000,4,874,3000000,9300000,14100000,3900000, Approved
965,1, Graduate, No,2700000,8100000,16,691,2000000,3600000,8100000,2100000, Approved
966,3, Not Graduate, Yes,8500000,30300000,12,762,12700000,3700000,20000000,4200000, Approved
967,1, Graduate, No,4400000,10700000,18,324,2200000,3300000,12700000,5400000, Rejected
968,4, Not Graduate, No,500000,1800000,20,777,900000,300000,1300000,200000, Approved
969,0, Graduate, No,8300000,21400000,2,662,6100000,12300000,24500000,10200000, Approved
970,2, Not Graduate, Yes,6000000,13000000,12,462,2100000,2500000,14600000,5600000, Rejected
971,3, Not Graduate, Yes,4000000,10400000,14,609,2100000,6900000,11700000,4600000, Approved
972,5, Graduate, Yes,4400000,11700000,20,590,900000,2700000,15500000,2300000, Approved
973,3, Graduate, Yes,4400000,15800000,18,779,7200000,5400000,14900000,3600000, Approved
974,2, Graduate, Yes,1900000,5000000,14,641,1000000,900000,5500000,2400000, Approved
975,0, Graduate, Yes,5000000,18400000,12,752,14600000,4000000,10500000,6500000, Approved
976,0, Graduate, No,8000000,23700000,10,305,22200000,11600000,17200000,12000000, Rejected
977,4, Not Graduate, No,8200000,20700000,10,546,10800000,7000000,25000000,10600000, Rejected
978,2, Graduate, No,7000000,24200000,8,833,13700000,4100000,26100000,9100000, Approved
979,2, Not Graduate, No,2400000,8800000,18,421,3200000,1500000,6700000,1400000, Rejected
980,5, Graduate, No,6600000,18800000,4,639,3200000,1100000,25100000,4300000, Approved
981,3, Graduate, No,3200000,6900000,20,735,1500000,3700000,9200000,3100000, Approved
982,0, Not Graduate, Yes,2600000,5400000,2,377,100000,4900000,6100000,2700000, Rejected
983,3, Not Graduate, No,6900000,15600000,20,310,4500000,3600000,20400000,4800000, Rejected
984,4, Graduate, No,4800000,14000000,2,695,11300000,1700000,15400000,4600000, Approved
985,1, Not Graduate, Yes,300000,1200000,4,355,700000,300000,800000,200000, Approved
986,1, Not Graduate, Yes,4300000,14100000,12,525,2100000,1100000,14100000,5500000, Rejected
987,5, Not Graduate, No,700000,2400000,20,330,1300000,700000,2500000,500000, Rejected
988,5, Graduate, No,9400000,25800000,14,625,28200000,15400000,30800000,11100000, Approved
989,3, Not Graduate, Yes,800000,2900000,10,644,600000,500000,2900000,400000, Approved
990,5, Not Graduate, No,4400000,14900000,4,865,8200000,6200000,14900000,3500000, Approved
991,1, Graduate, Yes,4700000,14800000,6,661,8500000,6000000,13600000,6400000, Approved
992,2, Not Graduate, No,2300000,5000000,8,884,1400000,1700000,6100000,1500000, Approved
993,5, Graduate, Yes,8500000,26700000,10,803,500000,16600000,24400000,9600000, Approved
994,2, Graduate, No,7600000,28300000,12,800,19700000,14800000,15600000,7800000, Approved
995,2, Graduate, No,3200000,12600000,18,796,6200000,3500000,9600000,2000000, Approved
996,4, Not Graduate, No,2400000,5000000,4,716,1500000,2800000,6900000,1400000, Approved
997,0, Graduate, Yes,500000,1100000,18,479,1500000,500000,1800000,600000, Rejected
998,3, Not Graduate, Yes,8500000,28300000,2,810,25200000,4300000,18500000,10700000, Approved
999,0, Graduate, Yes,8900000,20900000,18,568,18800000,700000,32700000,5300000, Approved
